0,0,0,0.00242911087110482
0,0,0.0157575757575758,0.0024291108711058
0,0,0.0315151515151515,0.00242911087111026
0,0,0.0472727272727273,0.00242911087110468
0,0,0.063030303030303,0.00242911087110712
0,0,0.0787878787878788,0.00242911087111116
0,0,0.0945454545454545,0.00242911087110878
0,0,0.11030303030303,0.00242911087110519
0,0,0.126060606060606,0.00242911087111036
0,0,0.141818181818182,0.00242911087110935
0,0,0.157575757575758,0.00242911087110438
0,0,0.173333333333333,0.00242911087110878
0,0,0.189090909090909,0.00242911087110944
0,0,0.204848484848485,0.00242911087110997
0,0,0.220606060606061,0.00242911087110981
0,0,0.236363636363636,0.00242911087110838
0,0,0.252121212121212,0.00242911087110939
0,0,0.267878787878788,0.00242911087111307
0,0,0.283636363636364,0.00242911087111171
0,0,0.299393939393939,0.00242911087110304
0,0,0.315151515151515,0.00242911087110786
0,0,0.330909090909091,0.00242911087110696
0,0,0.346666666666667,0.00242911087111008
0,0,0.362424242424242,0.00242911087111176
0,0,0.378181818181818,0.00242911087111368
0,0,0.393939393939394,0.00242911087110469
0,0,0.40969696969697,0.00242911087111159
0,0,0.425454545454545,0.00242911087111327
0,0,0.441212121212121,0.00242911087110634
0,0,0.456969696969697,0.00242911087110213
0,0,0.472727272727273,0.00242911087110142
0,0,0.488484848484848,0.00242911087110625
0,0,0.504242424242424,0.00242911087111388
0,0,0.52,0.00242911087111404
0,0,0.535757575757576,0.00242911087111142
0,0,0.551515151515152,0.00242911087111073
0,0,0.567272727272727,0.00242911087110641
0,0,0.583030303030303,0.00242911087109473
0,0,0.598787878787879,0.00242911087111063
0,0,0.614545454545455,0.0024291108711089
0,0,0.63030303030303,0.0024291108711094
0,0,0.646060606060606,0.00242911087111284
0,0,0.661818181818182,0.00242911087110699
0,0,0.677575757575758,0.00242911087110634
0,0,0.693333333333333,0.00242911087109986
0,0,0.709090909090909,0.00242911087110481
0,0,0.724848484848485,0.00242911087110636
0,0,0.740606060606061,0.00242911087110951
0,0,0.756363636363636,0.00242911087111055
0,0,0.772121212121212,0.00242911087111002
0,0,0.787878787878788,0.00242911087110276
0,0,0.803636363636364,0.0024291108711071
0,0,0.819393939393939,0.00242911087110548
0,0,0.835151515151515,0.00242911087111158
0,0,0.850909090909091,0.00242911087109581
0,0,0.866666666666667,0.00242911087111264
0,0,0.882424242424242,0.00242911087111341
0,0,0.898181818181818,0.0024291108710982
0,0,0.913939393939394,0.00242911087110024
0,0,0.92969696969697,0.0024291108711037
0,0,0.945454545454546,0.00242911087110987
0,0,0.961212121212121,0.00242911087110551
0,0,0.976969696969697,0.00242911087110537
0,0,0.992727272727273,0.00242911087111414
0,0,1.00848484848485,0.00242911087111619
0,0,1.02424242424242,0.00242911087110667
0,0,1.04,0.00242911087110015
0,0,1.05575757575758,0.00242911087110731
0,0,1.07151515151515,0.00242911087111111
0,0,1.08727272727273,0.00242911087111344
0,0,1.1030303030303,0.00242911087111198
0,0,1.11878787878788,0.00242911087110734
0,0,1.13454545454545,0.00242911087110352
0,0,1.15030303030303,0.00242911087111327
0,0,1.16606060606061,0.00242911087110017
0,0,1.18181818181818,0.00242911087110172
0,0,1.19757575757576,0.00242911087110085
0,0,1.21333333333333,0.00242911087110956
0,0,1.22909090909091,0.00242911087110691
0,0,1.24484848484848,0.00242911087110637
0,0,1.26060606060606,0.00242911087110887
0,0,1.27636363636364,0.00242911087110884
0,0,1.29212121212121,0.00242911087111141
0,0,1.30787878787879,0.00242911087110485
0,0,1.32363636363636,0.00242911087110994
0,0,1.33939393939394,0.00242911087111721
0,0,1.35515151515152,0.00242911087111678
0,0,1.37090909090909,0.00242911087110627
0,0,1.38666666666667,0.00242911087110024
0,0,1.40242424242424,0.0024291108711136
0,0,1.41818181818182,0.00242911087111046
0,0,1.43393939393939,0.00242911087111448
0,0,1.44969696969697,0.00242911087110478
0,0,1.46545454545455,0.00242911087111285
0,0,1.48121212121212,0.00242911087110244
0,0,1.4969696969697,0.00242911087110523
0,0,1.51272727272727,0.00242911087110492
0,0,1.52848484848485,0.00242911087111109
0,0,1.54424242424242,0.00242911087111035
0,0,1.56,0.00242911087110636
0,0.0109090909090909,0,0.0024291108711043
0,0.0109090909090909,0.0157575757575758,0.00242911087110515
0,0.0109090909090909,0.0315151515151515,0.00242911087110843
0,0.0109090909090909,0.0472727272727273,0.00242911087110735
0,0.0109090909090909,0.063030303030303,0.00242911087110926
0,0.0109090909090909,0.0787878787878788,0.0024291108711107
0,0.0109090909090909,0.0945454545454545,0.00242911087111012
0,0.0109090909090909,0.11030303030303,0.00242911087110467
0,0.0109090909090909,0.126060606060606,0.00242911087110451
0,0.0109090909090909,0.141818181818182,0.00242911087111061
0,0.0109090909090909,0.157575757575758,0.00242911087110888
0,0.0109090909090909,0.173333333333333,0.00242911087111011
0,0.0109090909090909,0.189090909090909,0.00242911087111187
0,0.0109090909090909,0.204848484848485,0.00242911087111012
0,0.0109090909090909,0.220606060606061,0.00242911087110926
0,0.0109090909090909,0.236363636363636,0.00242911087111004
0,0.0109090909090909,0.252121212121212,0.00242911087110638
0,0.0109090909090909,0.267878787878788,0.00242911087110645
0,0.0109090909090909,0.283636363636364,0.00242911087110124
0,0.0109090909090909,0.299393939393939,0.00242911087111232
0,0.0109090909090909,0.315151515151515,0.00242911087111245
0,0.0109090909090909,0.330909090909091,0.0024291108711062
0,0.0109090909090909,0.346666666666667,0.00242911087110605
0,0.0109090909090909,0.362424242424242,0.0024291108711168
0,0.0109090909090909,0.378181818181818,0.00242911087110792
0,0.0109090909090909,0.393939393939394,0.00242911087110958
0,0.0109090909090909,0.40969696969697,0.00242911087110091
0,0.0109090909090909,0.425454545454545,0.00242911087110308
0,0.0109090909090909,0.441212121212121,0.00242911087111019
0,0.0109090909090909,0.456969696969697,0.00242911087110386
0,0.0109090909090909,0.472727272727273,0.00242911087109756
0,0.0109090909090909,0.488484848484848,0.00242911087110851
0,0,0,0.00242911087110482
0,0,0.173333333333333,0.00242911087110878
0,0,0.346666666666667,0.00242911087111008
0,0,0.52,0.00242911087111404
0,0,0.693333333333333,0.00242911087109986
0,0,0.866666666666667,0.00242911087111423
0,0,1.04,0.00242911087110015
0,0,1.21333333333333,0.00242911087110956
0,0,1.38666666666667,0.00242911087110024
0,0,1.56,0.00242911087110636
0,0.12,0,0.00242911087110534
0,0.12,0.173333333333333,0.00242911087110756
0,0.12,0.346666666666667,0.00242911087110987
0,0.12,0.52,0.00242911087111396
0,0.12,0.693333333333333,0.00242911087110898
0,0.12,0.866666666666667,0.00242911087110875
0,0.12,1.04,0.00242911087110929
0,0.12,1.21333333333333,0.00242911087111243
0,0.12,1.38666666666667,0.00242911087110259
0,0.12,1.56,0.00242911087110619
0,0.24,0,0.00242911087110824
0,0.24,0.173333333333333,0.00242911087110546
0,0.24,0.346666666666667,0.00242911087110945
0,0.24,0.52,0.00242911087110833
0,0.24,0.693333333333333,0.00242911087109613
0,0.24,0.866666666666667,0.00242911087111413
0,0.24,1.04,0.00242911087110434
0,0.24,1.21333333333333,0.00242911087111054
0,0.24,1.38666666666667,0.00242911087110298
0,0.24,1.56,0.00242911087111018
0,0.36,0,0.00242911087110837
0,0.36,0.173333333333333,0.00242911087110443
0,0.36,0.346666666666667,0.00242911087110015
0,0.36,0.52,0.00242911087110756
0,0.36,0.693333333333333,0.00242911087110882
0,0.36,0.866666666666667,0.00242911087111268
0,0.36,1.04,0.00242911087110311
0,0.36,1.21333333333333,0.00242911087111064
0,0.36,1.38666666666667,0.00242911087111176
0,0.36,1.56,0.00242911087110518
0,0.48,0,0.00242911087110604
0,0.48,0.173333333333333,0.00242911087110378
0,0.48,0.346666666666667,0.00242911087111046
0,0.48,0.52,0.00242911087110697
0,0.48,0.693333333333333,0.00242911087110836
0,0.48,0.866666666666667,0.00242911087110952
0,0.48,1.04,0.00242911087110411
0,0.48,1.21333333333333,0.00242911087110349
0,0.48,1.38666666666667,0.00242911087111638
0,0.48,1.56,0.00242911087110211
0,0.6,0,0.00242911087110799
0,0.6,0.173333333333333,0.00242911087110919
0,0.6,0.346666666666667,0.00242911087110846
0,0.6,0.52,0.00242911087110471
0,0.6,0.693333333333333,0.00242911087110068
0,0.6,0.866666666666667,0.00242911087110803
0,0.6,1.04,0.00242911087110797
0,0.6,1.21333333333333,0.00242911087110405
0,0.6,1.38666666666667,0.00242911087110776
0,0.6,1.56,0.00242911087111167
0,0.72,0,0.00242911087110844
0,0.72,0.173333333333333,0.00242911087110546
0,0.72,0.346666666666667,0.00242911087110264
0,0.72,0.52,0.00242911087110314
0,0.72,0.693333333333333,0.00242911087110067
0,0.72,0.866666666666667,0.00242911087110939
0,0,0,0.00242911087110482
0,0,0.173333333333333,0.00242911087110878
0,0,0.346666666666667,0.00242911087111008
0,0,0.52,0.00242911087111404
0,0,0.693333333333333,0.00242911087109986
0,0,0.866666666666667,0.00242911087111423
0,0,1.04,0.00242911087110015
0,0,1.21333333333333,0.00242911087110956
0,0,1.38666666666667,0.00242911087110024
0,0,1.56,0.00242911087110636
0,0.12,0,0.00242911087110534
0,0.12,0.173333333333333,0.00242911087110756
0,0.12,0.346666666666667,0.00242911087110987
0,0.12,0.52,0.00242911087111396
0,0.12,0.693333333333333,0.00242911087110898
0,0.12,0.866666666666667,0.00242911087110875
0,0.12,1.04,0.00242911087110929
0,0.12,1.21333333333333,0.00242911087111243
0,0.12,1.38666666666667,0.00242911087110259
0,0.12,1.56,0.00242911087110619
0,0.24,0,0.00242911087110824
0,0.24,0.173333333333333,0.00242911087110546
0,0.24,0.346666666666667,0.00242911087110945
0,0.24,0.52,0.00242911087110833
0,0.24,0.693333333333333,0.00242911087109613
0,0.24,0.866666666666667,0.00242911087111413
0,0.24,1.04,0.00242911087110434
0,0.24,1.21333333333333,0.00242911087111054
0,0.24,1.38666666666667,0.00242911087110298
0,0.24,1.56,0.00242911087111018
0,0.36,0,0.00242911087110837
0,0.36,0.173333333333333,0.00242911087110443
0,0.36,0.346666666666667,0.00242911087110015
0,0.36,0.52,0.00242911087110756
0,0.36,0.693333333333333,0.00242911087110882
0,0.36,0.866666666666667,0.00242911087111268
0,0.36,1.04,0.00242911087110311
0,0.36,1.21333333333333,0.00242911087111064
0,0.36,1.38666666666667,0.00242911087111176
0,0.36,1.56,0.00242911087110518
0,0.48,0,0.00242911087110604
0,0.48,0.173333333333333,0.00242911087110378
0,0.48,0.346666666666667,0.00242911087111046
0,0.48,0.52,0.00242911087110697
0,0.48,0.693333333333333,0.00242911087110836
0,0.48,0.866666666666667,0.00242911087110952
0,0.48,1.04,0.00242911087110411
0,0.48,1.21333333333333,0.00242911087110349
0,0.48,1.38666666666667,0.00242911087111638
0,0.48,1.56,0.00242911087110211
0,0.6,0,0.00242911087110799
0,0.6,0.173333333333333,0.00242911087110919
0,0.6,0.346666666666667,0.00242911087110846
0,0.6,0.52,0.00242911087110471
0,0.6,0.693333333333333,0.00242911087110068
0,0.6,0.866666666666667,0.00242911087110803
0,0.6,1.04,0.00242911087110797
0,0.6,1.21333333333333,0.00242911087110405
0,0.6,1.38666666666667,0.00242911087110776
0,0.6,1.56,0.00242911087111167
0,0.72,0,0.00242911087110844
0,0.72,0.173333333333333,0.00242911087110546
0,0.72,0.346666666666667,0.00242911087110264
0,0.72,0.52,0.00242911087110314
0,0.72,0.693333333333333,0.00242911087110067
0,0.72,0.866666666666667,0.00242911087110939
0,0.72,1.04,0.00242911087111358
0,0.72,1.21333333333333,0.00242911087110038
0,0.72,1.38666666666667,0.00242911087111578
0,0.72,1.56,0.00242911087111848
0,0.84,0,0.00242911087110617
0,0.84,0.173333333333333,0.00242911087111036
0,0.84,0.346666666666667,0.00242911087110405
0,0.84,0.52,0.00242911087110645
0,0.84,0.693333333333333,0.00242911087110067
0,0.84,0.866666666666667,0.00242911087110408
0,0.84,1.04,0.00242911087110594
0,0.84,1.21333333333333,0.00242911087111041
0,0.84,1.38666666666667,0.00242911087111963
0,0.84,1.56,0.00242911087109329
0,0.96,0,0.00242911087111177
0,0.96,0.173333333333333,0.00242911087111011
0,0.96,0.346666666666667,0.00242911087110844
0,0.96,0.52,0.0024291108711053
0,0.96,0.693333333333333,0.00242911087110352
0,0.96,0.866666666666667,0.00242911087110475
0,0.96,1.04,0.00242911087110871
0,0.96,1.21333333333333,0.00242911087111122
0,0.96,1.38666666666667,0.0024291108711135
0,0.96,1.56,0.00242911087110784
0,1.08,0,0.0024291108711112
0,1.08,0.173333333333333,0.00242911087110994
0,1.08,0.346666666666667,0.00242911087110863
0,1.08,0.52,0.00242911087110897
0,1.08,0.693333333333333,0.00242911087111068
0,1.08,0.866666666666667,0.00242911087110629
0,1.08,1.04,0.00242911087110918
0,1.08,1.21333333333333,0.0024291108711073
0,1.08,1.38666666666667,0.00242911087110911
0,1.08,1.56,0.00242911087110385
2.13333333333333,0,0,0.00242911087111247
2.13333333333333,0,0.173333333333333,0.00242911087111085
2.13333333333333,0,0.346666666666667,0.00242911087111189
2.13333333333333,0,0.52,0.00242911087110664
2.13333333333333,0,0.693333333333333,0.0024291108711027
2.13333333333333,0,0.866666666666667,0.0024291108711073
2.13333333333333,0,1.04,0.00242911087109898
2.13333333333333,0,1.21333333333333,0.00242911087111239
2.13333333333333,0,1.38666666666667,0.00242911087110326
2.13333333333333,0,1.56,0.00242911087110746
2.13333333333333,0.12,0,0.0024291108711116
2.13333333333333,0.12,0.173333333333333,0.00242911087110909
2.13333333333333,0.12,0.346666666666667,0.00242911087111596
2.13333333333333,0.12,0.52,0.00242911087111191
2.13333333333333,0.12,0.693333333333333,0.00242911087110491
2.13333333333333,0.12,0.866666666666667,0.00242911087111213
2.13333333333333,0.12,1.04,0.00242911087108668
2.13333333333333,0.12,1.21333333333333,0.00242911087109945
2.13333333333333,0.12,1.38666666666667,0.00242911087110626
2.13333333333333,0.12,1.56,0.0024291108711031
2.13333333333333,0.24,0,0.00242911087110974
2.13333333333333,0.24,0.173333333333333,0.00242911087111047
2.13333333333333,0.24,0.346666666666667,0.00242911087110914
2.13333333333333,0.24,0.52,0.00242911087111023
2.13333333333333,0.24,0.693333333333333,0.00242911087110571
2.13333333333333,0.24,0.866666666666667,0.00242911087110675
2.13333333333333,0.24,1.04,0.00242911087110468
2.13333333333333,0.24,1.21333333333333,0.0024291108711114
2.13333333333333,0.24,1.38666666666667,0.00242911087110286
2.13333333333333,0.24,1.56,0.00242911087111195
2.13333333333333,0.36,0,0.00242911087110838
2.13333333333333,0.36,0.173333333333333,0.00242911087110504
2.13333333333333,0.36,0.346666666666667,0.00242911087111102
2.13333333333333,0.36,0.52,0.00242911087110694
2.13333333333333,0.36,0.693333333333333,0.00242911087110933
2.13333333333333,0.36,0.866666666666667,0.00242911087111032
2.13333333333333,0.36,1.04,0.00242911087109552
2.13333333333333,0.36,1.21333333333333,0.00242911087110853
2.13333333333333,0.36,1.38666666666667,0.00242911087109527
2.13333333333333,0.36,1.56,0.0024291108711066
2.13333333333333,0.48,0,0.00242911087110883
2.13333333333333,0.48,0.173333333333333,0.00242911087110835
2.13333333333333,0.48,0.346666666666667,0.00242911087110647
2.13333333333333,0.48,0.52,0.00242911087110415
2.13333333333333,0.48,0.693333333333333,0.00242911087110716
2.13333333333333,0.48,0.866666666666667,0.00242911087111068
2.13333333333333,0.48,1.04,0.00242911087110562
2.13333333333333,0.48,1.21333333333333,0.00242911087109945
2.13333333333333,0.48,1.38666666666667,0.00242911087111641
2.13333333333333,0.48,1.56,0.0024291108711068
2.13333333333333,0.6,0,0.00242911087110799
2.13333333333333,0.6,0.173333333333333,0.0024291108711106
2.13333333333333,0.6,0.346666666666667,0.00242911087110416
2.13333333333333,0.6,0.52,0.0024291108711086
2.13333333333333,0.6,0.693333333333333,0.0024291108711029
2.13333333333333,0.6,0.866666666666667,0.00242911087110142
2.13333333333333,0.6,1.04,0.00242911087110518
2.13333333333333,0.6,1.21333333333333,0.00242911087111101
2.13333333333333,0.6,1.38666666666667,0.00242911087110142
2.13333333333333,0.6,1.56,0.00242911087110828
2.13333333333333,0.72,0,0.00242911087110376
2.13333333333333,0.72,0.173333333333333,0.00242911087111127
2.13333333333333,0.72,0.346666666666667,0.00242911087110856
2.13333333333333,0.72,0.52,0.00242911087110349
2.13333333333333,0.72,0.693333333333333,0.0024291108711026
2.13333333333333,0.72,0.866666666666667,0.00242911087111214
2.13333333333333,0.72,1.04,0.00242911087110941
2.13333333333333,0.72,1.21333333333333,0.00242911087110449
2.13333333333333,0.72,1.38666666666667,0.00242911087111485
2.13333333333333,0.72,1.56,0.00242911087111781
2.13333333333333,0.84,0,0.00242911087110764
2.13333333333333,0.84,0.173333333333333,0.0024291108711077
2.13333333333333,0.84,0.346666666666667,0.00242911087111105
2.13333333333333,0.84,0.52,0.002429110871112
2.13333333333333,0.84,0.693333333333333,0.00242911087110451
2.13333333333333,0.84,0.866666666666667,0.00242911087110974
2.13333333333333,0.84,1.04,0.0024291108711101
2.13333333333333,0.84,1.21333333333333,0.00242911087109944
2.13333333333333,0.84,1.38666666666667,0.00242911087110868
2.13333333333333,0.84,1.56,0.00242911087110756
2.13333333333333,0.96,0,0.00242911087110706
2.13333333333333,0.96,0.173333333333333,0.00242911087111062
2.13333333333333,0.96,0.346666666666667,0.00242911087111596
2.13333333333333,0.96,0.52,0.00242911087110364
2.13333333333333,0.96,0.693333333333333,0.00242911087110613
2.13333333333333,0.96,0.866666666666667,0.00242911087110142
2.13333333333333,0.96,1.04,0.00242911087111317
2.13333333333333,0.96,1.21333333333333,0.00242911087110708
2.13333333333333,0.96,1.38666666666667,0.0024291108711014
2.13333333333333,0.96,1.56,0.00242911087110043
2.13333333333333,1.08,0,0.0024291108711112
2.13333333333333,1.08,0.173333333333333,0.00242911087110993
2.13333333333333,1.08,0.346666666666667,0.00242911087110406
2.13333333333333,1.08,0.52,0.00242911087110387
2.13333333333333,1.08,0.693333333333333,0.00242911087110503
2.13333333333333,1.08,0.866666666666667,0.00242911087110145
2.13333333333333,1.08,1.04,0.00242911087110992
2.13333333333333,1.08,1.21333333333333,0.00242911087110825
2.13333333333333,1.08,1.38666666666667,0.00242911087110695
2.13333333333333,1.08,1.56,0.00242911087112183
4.26666666666667,0,0,0.00242911087110517
4.26666666666667,0,0.173333333333333,0.00242911087110775
4.26666666666667,0,0.346666666666667,0.00242911087111001
4.26666666666667,0,0.52,0.00242911087114519
4.26666666666667,0,0.693333333333333,0.00242911087112208
4.26666666666667,0,0.866666666666667,0.00242911087111449
4.26666666666667,0,1.04,0.00242911087111277
4.26666666666667,0,1.21333333333333,0.0024291108711271
4.26666666666667,0,1.38666666666667,0.0024291108711126
4.26666666666667,0,1.56,0.00242911087111926
4.26666666666667,0.12,0,0.00242911087110525
4.26666666666667,0.12,0.173333333333333,0.00242911087110769
4.26666666666667,0.12,0.346666666666667,0.00242911087113393
4.26666666666667,0.12,0.52,0.00242911087111522
4.26666666666667,0.12,0.693333333333333,0.00242911087110668
4.26666666666667,0.12,0.866666666666667,0.00242911087111136
4.26666666666667,0.12,1.04,0.00242911087110947
4.26666666666667,0.12,1.21333333333333,0.00242911087111783
4.26666666666667,0.12,1.38666666666667,0.00242911087111164
4.26666666666667,0.12,1.56,0.00242911087110358
4.26666666666667,0.24,0,0.00242911087110467
4.26666666666667,0.24,0.173333333333333,0.00242911087110555
4.26666666666667,0.24,0.346666666666667,0.00242911087112949
4.26666666666667,0.24,0.52,0.00242911087110827
4.26666666666667,0.24,0.693333333333333,0.00242911087111098
4.26666666666667,0.24,0.866666666666667,0.00242911087111216
4.26666666666667,0.24,1.04,0.00242911087110656
4.26666666666667,0.24,1.21333333333333,0.00242911087110337
4.26666666666667,0.24,1.38666666666667,0.00242911087112289
4.26666666666667,0.24,1.56,0.00242911087112547
4.26666666666667,0.36,0,0.00242911087111157
4.26666666666667,0.36,0.173333333333333,0.00242911087112987
4.26666666666667,0.36,0.346666666666667,0.00242911087113175
4.26666666666667,0.36,0.52,0.00242911087112452
4.26666666666667,0.36,0.693333333333333,0.00242911087115645
4.26666666666667,0.36,0.866666666666667,0.00242911087111353
4.26666666666667,0.36,1.04,0.00242911087112587
4.26666666666667,0.36,1.21333333333333,0.00242911087113099
4.26666666666667,0.36,1.38666666666667,0.00242911087111345
4.26666666666667,0.36,1.56,0.00242911087110535
4.26666666666667,0.48,0,0.00242911087111023
4.26666666666667,0.48,0.173333333333333,0.00242911087110514
4.26666666666667,0.48,0.346666666666667,0.00242911087111333
4.26666666666667,0.48,0.52,0.00242911087111109
4.26666666666667,0.48,0.693333333333333,0.00242911087113571
4.26666666666667,0.48,0.866666666666667,0.00242911087111752
4.26666666666667,0.48,1.04,0.00242911087109028
4.26666666666667,0.48,1.21333333333333,0.00242911087112039
4.26666666666667,0.48,1.38666666666667,0.0024291108711053
4.26666666666667,0.48,1.56,0.0024291108711205
4.26666666666667,0.6,0,0.00242911087110686
4.26666666666667,0.6,0.173333333333333,0.00242911087112936
4.26666666666667,0.6,0.346666666666667,0.00242911087111649
4.26666666666667,0.6,0.52,0.00242911087113132
4.26666666666667,0.6,0.693333333333333,0.00242911087111209
4.26666666666667,0.6,0.866666666666667,0.00242911087111021
4.26666666666667,0.6,1.04,0.0024291108711011
4.26666666666667,0.6,1.21333333333333,0.00242911087111694
4.26666666666667,0.6,1.38666666666667,0.00242911087111761
4.26666666666667,0.6,1.56,0.00242911087110828
4.26666666666667,0.72,0,0.0024291108711108
4.26666666666667,0.72,0.173333333333333,0.00242911087110879
4.26666666666667,0.72,0.346666666666667,0.0024291108711316
4.26666666666667,0.72,0.52,0.00242911087110016
4.26666666666667,0.72,0.693333333333333,0.00242911087111187
4.26666666666667,0.72,0.866666666666667,0.00242911087111879
4.26666666666667,0.72,1.04,0.00242911087110465
4.26666666666667,0.72,1.21333333333333,0.00242911087112563
4.26666666666667,0.72,1.38666666666667,0.00242911087112673
4.26666666666667,0.72,1.56,0.00242911087111606
4.26666666666667,0.84,0,0.00242911087109635
4.26666666666667,0.84,0.173333333333333,0.00242911087110576
4.26666666666667,0.84,0.346666666666667,0.00242911087109473
4.26666666666667,0.84,0.52,0.00242911087111895
4.26666666666667,0.84,0.693333333333333,0.00242911087112817
4.26666666666667,0.84,0.866666666666667,0.00242911087113755
4.26666666666667,0.84,1.04,0.00242911087112895
4.26666666666667,0.84,1.21333333333333,0.00242911087111427
4.26666666666667,0.84,1.38666666666667,0.00242911087111494
4.26666666666667,0.84,1.56,0.00242911087109153
4.26666666666667,0.96,0,0.00242911087109979
4.26666666666667,0.96,0.173333333333333,0.00242911087110514
4.26666666666667,0.96,0.346666666666667,0.00242911087109587
4.26666666666667,0.96,0.52,0.00242911087111234
4.26666666666667,0.96,0.693333333333333,0.00242911087111868
4.26666666666667,0.96,0.866666666666667,0.00242911087113369
4.26666666666667,0.96,1.04,0.00242911087110821
4.26666666666667,0.96,1.21333333333333,0.00242911087110933
4.26666666666667,0.96,1.38666666666667,0.00242911087111736
4.26666666666667,0.96,1.56,0.00242911087111986
4.26666666666667,1.08,0,0.00242911087113841
4.26666666666667,1.08,0.173333333333333,0.00242911087110578
4.26666666666667,1.08,0.346666666666667,0.0024291108711275
4.26666666666667,1.08,0.52,0.00242911087111532
4.26666666666667,1.08,0.693333333333333,0.00242911087111532
4.26666666666667,1.08,0.866666666666667,0.00242911087111713
4.26666666666667,1.08,1.04,0.00242911087110569
4.26666666666667,1.08,1.21333333333333,0.00242911087110316
4.26666666666667,1.08,1.38666666666667,0.00242911087112451
4.26666666666667,1.08,1.56,0.00242911087112428
6.4,0,0,0.00242911087109752
6.4,0,0.173333333333333,0.00242911087111604
6.4,0,0.346666666666667,0.00242911087111356
6.4,0,0.52,0.0024291108711007
6.4,0,0.693333333333333,0.00242911087111249
6.4,0,0.866666666666667,0.00242911087110575
6.4,0,1.04,0.00242911087110573
6.4,0,1.21333333333333,0.00242911087110136
6.4,0,1.38666666666667,0.00242911087110663
6.4,0,1.56,0.002429110871124
6.4,0.12,0,0.0024291108711346
6.4,0.12,0.173333333333333,0.00242911087111842
6.4,0.12,0.346666666666667,0.00242911087111285
6.4,0.12,0.52,0.00242911087110729
6.4,0.12,0.693333333333333,0.00242911087112409
6.4,0.12,0.866666666666667,0.00242911087111271
6.4,0.12,1.04,0.00242911087110117
6.4,0.12,1.21333333333333,0.0024291108711076
6.4,0.12,1.38666666666667,0.00242911087110763
6.4,0.12,1.56,0.0024291108711143
6.4,0.24,0,0.00242911087108909
6.4,0.24,0.173333333333333,0.00242911087110463
6.4,0.24,0.346666666666667,0.0024291108711147
6.4,0.24,0.52,0.00242911087111126
6.4,0.24,0.693333333333333,0.00242911087112654
6.4,0.24,0.866666666666667,0.00242911087110904
6.4,0.24,1.04,0.00242911087110768
6.4,0.24,1.21333333333333,0.00242911087111094
6.4,0.24,1.38666666666667,0.0024291108711048
6.4,0.24,1.56,0.00242911087110979
6.4,0.36,0,0.00242911087111346
6.4,0.36,0.173333333333333,0.00242911087110821
6.4,0.36,0.346666666666667,0.00242911087110895
6.4,0.36,0.52,0.00242911087113276
6.4,0.36,0.693333333333333,0.00242911087113142
6.4,0.36,0.866666666666667,0.00242911087111328
6.4,0.36,1.04,0.00242911087108565
6.4,0.36,1.21333333333333,0.0024291108711032
6.4,0.36,1.38666666666667,0.00242911087111557
6.4,0.36,1.56,0.00242911087112141
6.4,0.48,0,0.00242911087111304
6.4,0.48,0.173333333333333,0.0024291108711039
6.4,0.48,0.346666666666667,0.0024291108711172
6.4,0.48,0.52,0.00242911087109467
6.4,0.48,0.693333333333333,0.00242911087109126
6.4,0.48,0.866666666666667,0.00242911087109753
6.4,0.48,1.04,0.00242911087111131
6.4,0.48,1.21333333333333,0.00242911087108936
6.4,0.48,1.38666666666667,0.00242911087111558
6.4,0.48,1.56,0.0024291108711218
6.4,0.6,0,0.00242911087111292
6.4,0.6,0.173333333333333,0.00242911087111532
6.4,0.6,0.346666666666667,0.00242911087110505
6.4,0.6,0.52,0.00242911087110869
6.4,0.6,0.693333333333333,0.0024291108711145
6.4,0.6,0.866666666666667,0.00242911087112862
6.4,0.6,1.04,0.00242911087111048
6.4,0.6,1.21333333333333,0.0024291108711114
6.4,0.6,1.38666666666667,0.00242911087111411
6.4,0.6,1.56,0.00242911087109936
6.4,0.72,0,0.00242911087113449
6.4,0.72,0.173333333333333,0.00242911087111564
6.4,0.72,0.346666666666667,0.0024291108710944
6.4,0.72,0.52,0.00242911087110656
6.4,0.72,0.693333333333333,0.00242911087113298
6.4,0.72,0.866666666666667,0.00242911087113125
6.4,0.72,1.04,0.00242911087111012
6.4,0.72,1.21333333333333,0.0024291108711078
6.4,0.72,1.38666666666667,0.00242911087110476
6.4,0.72,1.56,0.00242911087110978
6.4,0.84,0,0.00242911087111382
6.4,0.84,0.173333333333333,0.00242911087111421
6.4,0.84,0.346666666666667,0.00242911087112907
6.4,0.84,0.52,0.00242911087111198
6.4,0.84,0.693333333333333,0.00242911087111089
6.4,0.84,0.866666666666667,0.00242911087110057
6.4,0.84,1.04,0.00242911087110177
6.4,0.84,1.21333333333333,0.00242911087110712
6.4,0.84,1.38666666666667,0.00242911087108745
6.4,0.84,1.56,0.00242911087110735
6.4,0.96,0,0.0024291108711208
6.4,0.96,0.173333333333333,0.00242911087110771
6.4,0.96,0.346666666666667,0.00242911087113118
6.4,0.96,0.52,0.00242911087112441
6.4,0.96,0.693333333333333,0.00242911087110674
6.4,0.96,0.866666666666667,0.00242911087113404
6.4,0.96,1.04,0.00242911087110276
6.4,0.96,1.21333333333333,0.00242911087111052
6.4,0.96,1.38666666666667,0.00242911087111209
6.4,0.96,1.56,0.00242911087110328
6.4,1.08,0,0.0024291108711208
6.4,1.08,0.173333333333333,0.00242911087111848
6.4,1.08,0.346666666666667,0.00242911087112154
6.4,1.08,0.52,0.00242911087113221
6.4,1.08,0.693333333333333,0.00242911087112133
6.4,1.08,0.866666666666667,0.00242911087111959
6.4,1.08,1.04,0.00242911087110676
6.4,1.08,1.21333333333333,0.00242911087110506
6.4,1.08,1.38666666666667,0.00242911087110768
6.4,1.08,1.56,0.00242911087111127
8.53333333333333,0,0,0.00242911087111002
8.53333333333333,0,0.173333333333333,0.00242911087112051
8.53333333333333,0,0.346666666666667,0.00242911087112543
8.53333333333333,0,0.52,0.00242911087111131
8.53333333333333,0,0.693333333333333,0.00242911087114001
8.53333333333333,0,0.866666666666667,0.00242911087112117
8.53333333333333,0,1.04,0.00242911087110645
8.53333333333333,0,1.21333333333333,0.00242911087109313
8.53333333333333,0,1.38666666666667,0.00242911087113122
8.53333333333333,0,1.56,0.0024291108711377
8.53333333333333,0.12,0,0.00242911087111848
8.53333333333333,0.12,0.173333333333333,0.00242911087112576
8.53333333333333,0.12,0.346666666666667,0.00242911087111084
8.53333333333333,0.12,0.52,0.00242911087113023
8.53333333333333,0.12,0.693333333333333,0.00242911087113676
8.53333333333333,0.12,0.866666666666667,0.00242911087113902
8.53333333333333,0.12,1.04,0.00242911087111177
8.53333333333333,0.12,1.21333333333333,0.00242911087112997
8.53333333333333,0.12,1.38666666666667,0.00242911087111265
8.53333333333333,0.12,1.56,0.00242911087109767
8.53333333333333,0.24,0,0.00242911087109449
8.53333333333333,0.24,0.173333333333333,0.0024291108711333
8.53333333333333,0.24,0.346666666666667,0.00242911087111236
8.53333333333333,0.24,0.52,0.00242911087111742
8.53333333333333,0.24,0.693333333333333,0.00242911087114718
8.53333333333333,0.24,0.866666666666667,0.00242911087111485
8.53333333333333,0.24,1.04,0.00242911087110728
8.53333333333333,0.24,1.21333333333333,0.00242911087112991
8.53333333333333,0.24,1.38666666666667,0.00242911087111941
8.53333333333333,0.24,1.56,0.00242911087112061
8.53333333333333,0.36,0,0.00242911087111303
8.53333333333333,0.36,0.173333333333333,0.00242911087110986
8.53333333333333,0.36,0.346666666666667,0.00242911087113009
8.53333333333333,0.36,0.52,0.00242911087111728
8.53333333333333,0.36,0.693333333333333,0.00242911087111637
8.53333333333333,0.36,0.866666666666667,0.00242911087112148
8.53333333333333,0.36,1.04,0.00242911087111234
8.53333333333333,0.36,1.21333333333333,0.0024291108711257
8.53333333333333,0.36,1.38666666666667,0.00242911087110635
8.53333333333333,0.36,1.56,0.00242911087109151
8.53333333333333,0.48,0,0.00242911087112391
8.53333333333333,0.48,0.173333333333333,0.00242911087112727
8.53333333333333,0.48,0.346666666666667,0.00242911087112185
8.53333333333333,0.48,0.52,0.0024291108711229
8.53333333333333,0.48,0.693333333333333,0.00242911087111048
8.53333333333333,0.48,0.866666666666667,0.00242911087111907
8.53333333333333,0.48,1.04,0.00242911087112824
8.53333333333333,0.48,1.21333333333333,0.00242911087114255
8.53333333333333,0.48,1.38666666666667,0.00242911087111145
8.53333333333333,0.48,1.56,0.00242911087110725
8.53333333333333,0.6,0,0.00242911087109342
8.53333333333333,0.6,0.173333333333333,0.00242911087113017
8.53333333333333,0.6,0.346666666666667,0.00242911087111287
8.53333333333333,0.6,0.52,0.00242911087112317
8.53333333333333,0.6,0.693333333333333,0.0024291108711194
8.53333333333333,0.6,0.866666666666667,0.00242911087112776
8.53333333333333,0.6,1.04,0.00242911087109321
8.53333333333333,0.6,1.21333333333333,0.00242911087109324
8.53333333333333,0.6,1.38666666666667,0.00242911087112378
8.53333333333333,0.6,1.56,0.00242911087110009
8.53333333333333,0.72,0,0.00242911087111086
8.53333333333333,0.72,0.173333333333333,0.00242911087111472
8.53333333333333,0.72,0.346666666666667,0.00242911087110038
8.53333333333333,0.72,0.52,0.00242911087112077
8.53333333333333,0.72,0.693333333333333,0.00242911087112012
8.53333333333333,0.72,0.866666666666667,0.00242911087112973
8.53333333333333,0.72,1.04,0.00242911087111664
8.53333333333333,0.72,1.21333333333333,0.00242911087111959
8.53333333333333,0.72,1.38666666666667,0.00242911087111532
8.53333333333333,0.72,1.56,0.00242911087112687
8.53333333333333,0.84,0,0.00242911087113536
8.53333333333333,0.84,0.173333333333333,0.0024291108711216
8.53333333333333,0.84,0.346666666666667,0.00242911087111688
8.53333333333333,0.84,0.52,0.00242911087112002
8.53333333333333,0.84,0.693333333333333,0.00242911087113931
8.53333333333333,0.84,0.866666666666667,0.00242911087112706
8.53333333333333,0.84,1.04,0.00242911087111947
8.53333333333333,0.84,1.21333333333333,0.00242911087110512
8.53333333333333,0.84,1.38666666666667,0.00242911087111048
8.53333333333333,0.84,1.56,0.00242911087109058
8.53333333333333,0.96,0,0.00242911087113893
8.53333333333333,0.96,0.173333333333333,0.00242911087112615
8.53333333333333,0.96,0.346666666666667,0.00242911087111917
8.53333333333333,0.96,0.52,0.00242911087113324
8.53333333333333,0.96,0.693333333333333,0.00242911087112874
8.53333333333333,0.96,0.866666666666667,0.00242911087110424
8.53333333333333,0.96,1.04,0.00242911087111805
8.53333333333333,0.96,1.21333333333333,0.00242911087111292
8.53333333333333,0.96,1.38666666666667,0.00242911087111395
8.53333333333333,0.96,1.56,0.00242911087110214
8.53333333333333,1.08,0,0.00242911087114328
8.53333333333333,1.08,0.173333333333333,0.00242911087112148
8.53333333333333,1.08,0.346666666666667,0.00242911087113475
8.53333333333333,1.08,0.52,0.00242911087112295
8.53333333333333,1.08,0.693333333333333,0.00242911087112696
8.53333333333333,1.08,0.866666666666667,0.00242911087112704
8.53333333333333,1.08,1.04,0.00242911087111578
8.53333333333333,1.08,1.21333333333333,0.00242911087112641
8.53333333333333,1.08,1.38666666666667,0.00242911087111887
8.53333333333333,1.08,1.56,0.00242911087113616
10.6666666666667,0,0,0.00242911087110143
10.6666666666667,0,0.173333333333333,0.00242911087112473
10.6666666666667,0,0.346666666666667,0.00242911087112901
10.6666666666667,0,0.52,0.00242911087110467
10.6666666666667,0,0.693333333333333,0.00242911087110694
10.6666666666667,0,0.866666666666667,0.00242911087112341
10.6666666666667,0,1.04,0.00242911087109071
10.6666666666667,0,1.21333333333333,0.00242911087111764
10.6666666666667,0,1.38666666666667,0.0024291108711253
10.6666666666667,0,1.56,0.0024291108711283
10.6666666666667,0.12,0,0.00242911087113958
10.6666666666667,0.12,0.173333333333333,0.00242911087112337
10.6666666666667,0.12,0.346666666666667,0.0024291108711244
10.6666666666667,0.12,0.52,0.00242911087110542
10.6666666666667,0.12,0.693333333333333,0.002429110871124
10.6666666666667,0.12,0.866666666666667,0.00242911087111188
10.6666666666667,0.12,1.04,0.00242911087109183
10.6666666666667,0.12,1.21333333333333,0.00242911087110096
10.6666666666667,0.12,1.38666666666667,0.00242911087106809
10.6666666666667,0.12,1.56,0.00242911087109927
10.6666666666667,0.24,0,0.00242911087111348
10.6666666666667,0.24,0.173333333333333,0.00242911087111234
10.6666666666667,0.24,0.346666666666667,0.00242911087110502
10.6666666666667,0.24,0.52,0.00242911087109232
10.6666666666667,0.24,0.693333333333333,0.00242911087114653
10.6666666666667,0.24,0.866666666666667,0.00242911087112543
10.6666666666667,0.24,1.04,0.00242911087109952
10.6666666666667,0.24,1.21333333333333,0.00242911087110807
10.6666666666667,0.24,1.38666666666667,0.00242911087110865
10.6666666666667,0.24,1.56,0.00242911087110954
10.6666666666667,0.36,0,0.0024291108710979
10.6666666666667,0.36,0.173333333333333,0.0024291108711143
10.6666666666667,0.36,0.346666666666667,0.00242911087112717
10.6666666666667,0.36,0.52,0.00242911087111526
10.6666666666667,0.36,0.693333333333333,0.00242911087109898
10.6666666666667,0.36,0.866666666666667,0.00242911087110727
10.6666666666667,0.36,1.04,0.00242911087109001
10.6666666666667,0.36,1.21333333333333,0.00242911087109668
10.6666666666667,0.36,1.38666666666667,0.00242911087111626
10.6666666666667,0.36,1.56,0.00242911087111693
10.6666666666667,0.48,0,0.00242911087111049
10.6666666666667,0.48,0.173333333333333,0.0024291108711317
10.6666666666667,0.48,0.346666666666667,0.00242911087111334
10.6666666666667,0.48,0.52,0.00242911087111056
10.6666666666667,0.48,0.693333333333333,0.00242911087111257
10.6666666666667,0.48,0.866666666666667,0.00242911087111327
10.6666666666667,0.48,1.04,0.00242911087109446
10.6666666666667,0.48,1.21333333333333,0.00242911087110317
10.6666666666667,0.48,1.38666666666667,0.00242911087113459
10.6666666666667,0.48,1.56,0.0024291108711208
10.6666666666667,0.6,0,0.00242911087112085
10.6666666666667,0.6,0.173333333333333,0.00242911087111754
10.6666666666667,0.6,0.346666666666667,0.0024291108711035
10.6666666666667,0.6,0.52,0.00242911087113063
10.6666666666667,0.6,0.693333333333333,0.00242911087112346
10.6666666666667,0.6,0.866666666666667,0.00242911087112834
10.6666666666667,0.6,1.04,0.0024291108711004
10.6666666666667,0.6,1.21333333333333,0.00242911087112035
10.6666666666667,0.6,1.38666666666667,0.00242911087111902
10.6666666666667,0.6,1.56,0.00242911087109376
10.6666666666667,0.72,0,0.00242911087109523
10.6666666666667,0.72,0.173333333333333,0.0024291108711366
10.6666666666667,0.72,0.346666666666667,0.0024291108711234
10.6666666666667,0.72,0.52,0.00242911087110667
10.6666666666667,0.72,0.693333333333333,0.00242911087112298
10.6666666666667,0.72,0.866666666666667,0.00242911087112445
10.6666666666667,0.72,1.04,0.00242911087111787
10.6666666666667,0.72,1.21333333333333,0.00242911087111404
10.6666666666667,0.72,1.38666666666667,0.00242911087112036
10.6666666666667,0.72,1.56,0.0024291108711134
10.6666666666667,0.84,0,0.0024291108711287
10.6666666666667,0.84,0.173333333333333,0.00242911087112306
10.6666666666667,0.84,0.346666666666667,0.00242911087113271
10.6666666666667,0.84,0.52,0.0024291108711423
10.6666666666667,0.84,0.693333333333333,0.0024291108711094
10.6666666666667,0.84,0.866666666666667,0.00242911087110906
10.6666666666667,0.84,1.04,0.00242911087110498
10.6666666666667,0.84,1.21333333333333,0.0024291108710956
10.6666666666667,0.84,1.38666666666667,0.00242911087111425
10.6666666666667,0.84,1.56,0.00242911087111661
10.6666666666667,0.96,0,0.00242911087112371
10.6666666666667,0.96,0.173333333333333,0.00242911087111246
10.6666666666667,0.96,0.346666666666667,0.00242911087110308
10.6666666666667,0.96,0.52,0.00242911087111984
10.6666666666667,0.96,0.693333333333333,0.00242911087109719
10.6666666666667,0.96,0.866666666666667,0.00242911087112546
10.6666666666667,0.96,1.04,0.00242911087109181
10.6666666666667,0.96,1.21333333333333,0.00242911087110636
10.6666666666667,0.96,1.38666666666667,0.00242911087111662
10.6666666666667,0.96,1.56,0.00242911087112003
10.6666666666667,1.08,0,0.00242911087114071
10.6666666666667,1.08,0.173333333333333,0.00242911087112546
10.6666666666667,1.08,0.346666666666667,0.00242911087112552
10.6666666666667,1.08,0.52,0.00242911087110539
10.6666666666667,1.08,0.693333333333333,0.00242911087109648
10.6666666666667,1.08,0.866666666666667,0.00242911087113396
10.6666666666667,1.08,1.04,0.00242911087108658
10.6666666666667,1.08,1.21333333333333,0.00242911087109931
10.6666666666667,1.08,1.38666666666667,0.00242911087109979
10.6666666666667,1.08,1.56,0.00242911087111633
12.8,0,0,0.00242911087109367
12.8,0,0.173333333333333,0.00242911087112381
12.8,0,0.346666666666667,0.00242911087111165
12.8,0,0.52,0.00242911087108856
12.8,0,0.693333333333333,0.00242911087113419
12.8,0,0.866666666666667,0.00242911087112269
12.8,0,1.04,0.00242911087111078
12.8,0,1.21333333333333,0.0024291108710949
12.8,0,1.38666666666667,0.00242911087111189
12.8,0,1.56,0.00242911087112865
12.8,0.12,0,0.00242911087113793
12.8,0.12,0.173333333333333,0.00242911087113437
12.8,0.12,0.346666666666667,0.00242911087112658
12.8,0.12,0.52,0.0024291108711074
12.8,0.12,0.693333333333333,0.00242911087111786
12.8,0.12,0.866666666666667,0.00242911087112441
12.8,0.12,1.04,0.00242911087111287
12.8,0.12,1.21333333333333,0.00242911087111763
12.8,0.12,1.38666666666667,0.00242911087109656
12.8,0.12,1.56,0.00242911087112388
12.8,0.24,0,0.00242911087111232
12.8,0.24,0.173333333333333,0.00242911087112465
12.8,0.24,0.346666666666667,0.0024291108710953
12.8,0.24,0.52,0.0024291108711122
12.8,0.24,0.693333333333333,0.00242911087115203
12.8,0.24,0.866666666666667,0.0024291108711356
12.8,0.24,1.04,0.00242911087109597
12.8,0.24,1.21333333333333,0.00242911087111375
12.8,0.24,1.38666666666667,0.00242911087108261
12.8,0.24,1.56,0.00242911087109551
12.8,0.36,0,0.00242911087109583
12.8,0.36,0.173333333333333,0.00242911087111812
12.8,0.36,0.346666666666667,0.002429110871116
12.8,0.36,0.52,0.00242911087109406
12.8,0.36,0.693333333333333,0.00242911087116069
12.8,0.36,0.866666666666667,0.00242911087111788
12.8,0.36,1.04,0.00242911087108588
12.8,0.36,1.21333333333333,0.00242911087109684
12.8,0.36,1.38666666666667,0.00242911087111416
12.8,0.36,1.56,0.00242911087109856
12.8,0.48,0,0.00242911087111693
12.8,0.48,0.173333333333333,0.00242911087109153
12.8,0.48,0.346666666666667,0.00242911087109923
12.8,0.48,0.52,0.00242911087109603
12.8,0.48,0.693333333333333,0.00242911087113249
12.8,0.48,0.866666666666667,0.00242911087111865
12.8,0.48,1.04,0.00242911087109773
12.8,0.48,1.21333333333333,0.00242911087111111
12.8,0.48,1.38666666666667,0.00242911087111554
12.8,0.48,1.56,0.0024291108711029
12.8,0.6,0,0.00242911087111928
12.8,0.6,0.173333333333333,0.00242911087111933
12.8,0.6,0.346666666666667,0.00242911087110423
12.8,0.6,0.52,0.00242911087110522
12.8,0.6,0.693333333333333,0.00242911087109465
12.8,0.6,0.866666666666667,0.0024291108711019
12.8,0.6,1.04,0.00242911087109477
12.8,0.6,1.21333333333333,0.00242911087109275
12.8,0.6,1.38666666666667,0.00242911087110189
12.8,0.6,1.56,0.00242911087110943
12.8,0.72,0,0.00242911087112986
12.8,0.72,0.173333333333333,0.00242911087111454
12.8,0.72,0.346666666666667,0.00242911087110746
12.8,0.72,0.52,0.00242911087109403
12.8,0.72,0.693333333333333,0.00242911087114342
12.8,0.72,0.866666666666667,0.00242911087109331
12.8,0.72,1.04,0.00242911087110245
12.8,0.72,1.21333333333333,0.00242911087110782
12.8,0.72,1.38666666666667,0.00242911087107793
12.8,0.72,1.56,0.00242911087112057
12.8,0.84,0,0.00242911087111775
12.8,0.84,0.173333333333333,0.00242911087110387
12.8,0.84,0.346666666666667,0.00242911087108141
12.8,0.84,0.52,0.00242911087110372
12.8,0.84,0.693333333333333,0.00242911087112222
12.8,0.84,0.866666666666667,0.00242911087108983
12.8,0.84,1.04,0.00242911087107926
12.8,0.84,1.21333333333333,0.00242911087109073
12.8,0.84,1.38666666666667,0.00242911087111741
12.8,0.84,1.56,0.00242911087109972
12.8,0.96,0,0.00242911087110416
12.8,0.96,0.173333333333333,0.00242911087111093
12.8,0.96,0.346666666666667,0.00242911087112003
12.8,0.96,0.52,0.00242911087111197
12.8,0.96,0.693333333333333,0.00242911087109937
12.8,0.96,0.866666666666667,0.00242911087111981
12.8,0.96,1.04,0.00242911087110037
12.8,0.96,1.21333333333333,0.00242911087110027
12.8,0.96,1.38666666666667,0.00242911087108862
12.8,0.96,1.56,0.0024291108711417
12.8,1.08,0,0.00242911087113821
12.8,1.08,0.173333333333333,0.0024291108711126
12.8,1.08,0.346666666666667,0.00242911087109978
12.8,1.08,0.52,0.00242911087111978
12.8,1.08,0.693333333333333,0.00242911087110934
12.8,1.08,0.866666666666667,0.00242911087112018
12.8,1.08,1.04,0.00242911087110995
12.8,1.08,1.21333333333333,0.00242911087113101
12.8,1.08,1.38666666666667,0.00242911087111182
12.8,1.08,1.56,0.00242911087112296
14.9333333333333,0,0,0.00242911087109675
14.9333333333333,0,0.173333333333333,0.00242911087113016
14.9333333333333,0,0.346666666666667,0.00242911087113247
14.9333333333333,0,0.52,0.00242911087111674
14.9333333333333,0,0.693333333333333,0.00242911087112813
14.9333333333333,0,0.866666666666667,0.00242911087112315
14.9333333333333,0,1.04,0.00242911087109123
14.9333333333333,0,1.21333333333333,0.00242911087110896
14.9333333333333,0,1.38666666666667,0.00242911087111458
14.9333333333333,0,1.56,0.00242911087111822
14.9333333333333,0.12,0,0.00242911087113179
14.9333333333333,0.12,0.173333333333333,0.0024291108710962
14.9333333333333,0.12,0.346666666666667,0.00242911087112056
14.9333333333333,0.12,0.52,0.00242911087111961
14.9333333333333,0.12,0.693333333333333,0.00242911087115033
14.9333333333333,0.12,0.866666666666667,0.00242911087112533
14.9333333333333,0.12,1.04,0.00242911087111472
14.9333333333333,0.12,1.21333333333333,0.00242911087108365
14.9333333333333,0.12,1.38666666666667,0.00242911087110236
14.9333333333333,0.12,1.56,0.00242911087110892
14.9333333333333,0.24,0,0.00242911087111435
14.9333333333333,0.24,0.173333333333333,0.00242911087112267
14.9333333333333,0.24,0.346666666666667,0.00242911087111537
14.9333333333333,0.24,0.52,0.00242911087112664
14.9333333333333,0.24,0.693333333333333,0.0024291108711367
14.9333333333333,0.24,0.866666666666667,0.0024291108711358
14.9333333333333,0.24,1.04,0.00242911087110831
14.9333333333333,0.24,1.21333333333333,0.00242911087110496
14.9333333333333,0.24,1.38666666666667,0.00242911087109585
14.9333333333333,0.24,1.56,0.0024291108711105
14.9333333333333,0.36,0,0.00242911087109524
14.9333333333333,0.36,0.173333333333333,0.00242911087112052
14.9333333333333,0.36,0.346666666666667,0.00242911087114813
14.9333333333333,0.36,0.52,0.00242911087112363
14.9333333333333,0.36,0.693333333333333,0.00242911087111472
14.9333333333333,0.36,0.866666666666667,0.00242911087111917
14.9333333333333,0.36,1.04,0.00242911087108791
14.9333333333333,0.36,1.21333333333333,0.00242911087109616
14.9333333333333,0.36,1.38666666666667,0.00242911087109855
14.9333333333333,0.36,1.56,0.00242911087112162
14.9333333333333,0.48,0,0.0024291108711228
14.9333333333333,0.48,0.173333333333333,0.00242911087112704
14.9333333333333,0.48,0.346666666666667,0.00242911087109228
14.9333333333333,0.48,0.52,0.00242911087113255
14.9333333333333,0.48,0.693333333333333,0.00242911087112117
14.9333333333333,0.48,0.866666666666667,0.0024291108711351
14.9333333333333,0.48,1.04,0.00242911087111325
14.9333333333333,0.48,1.21333333333333,0.00242911087108938
14.9333333333333,0.48,1.38666666666667,0.00242911087109791
14.9333333333333,0.48,1.56,0.00242911087113178
14.9333333333333,0.6,0,0.00242911087112323
14.9333333333333,0.6,0.173333333333333,0.00242911087112149
14.9333333333333,0.6,0.346666666666667,0.00242911087113981
14.9333333333333,0.6,0.52,0.00242911087109464
14.9333333333333,0.6,0.693333333333333,0.00242911087112698
14.9333333333333,0.6,0.866666666666667,0.00242911087113354
14.9333333333333,0.6,1.04,0.00242911087110893
14.9333333333333,0.6,1.21333333333333,0.00242911087110004
14.9333333333333,0.6,1.38666666666667,0.0024291108711027
14.9333333333333,0.6,1.56,0.00242911087110035
14.9333333333333,0.72,0,0.00242911087111671
14.9333333333333,0.72,0.173333333333333,0.00242911087112454
14.9333333333333,0.72,0.346666666666667,0.00242911087110074
14.9333333333333,0.72,0.52,0.00242911087110979
14.9333333333333,0.72,0.693333333333333,0.00242911087113394
14.9333333333333,0.72,0.866666666666667,0.00242911087111731
14.9333333333333,0.72,1.04,0.00242911087110375
14.9333333333333,0.72,1.21333333333333,0.00242911087113255
14.9333333333333,0.72,1.38666666666667,0.00242911087111568
14.9333333333333,0.72,1.56,0.00242911087111441
14.9333333333333,0.84,0,0.00242911087110762
14.9333333333333,0.84,0.173333333333333,0.00242911087110126
14.9333333333333,0.84,0.346666666666667,0.00242911087108747
14.9333333333333,0.84,0.52,0.00242911087114098
14.9333333333333,0.84,0.693333333333333,0.00242911087111332
14.9333333333333,0.84,0.866666666666667,0.00242911087114065
14.9333333333333,0.84,1.04,0.00242911087112229
14.9333333333333,0.84,1.21333333333333,0.00242911087110926
14.9333333333333,0.84,1.38666666666667,0.0024291108711258
14.9333333333333,0.84,1.56,0.00242911087111894
14.9333333333333,0.96,0,0.00242911087112857
14.9333333333333,0.96,0.173333333333333,0.00242911087112694
14.9333333333333,0.96,0.346666666666667,0.00242911087113212
14.9333333333333,0.96,0.52,0.00242911087111128
14.9333333333333,0.96,0.693333333333333,0.0024291108710956
14.9333333333333,0.96,0.866666666666667,0.00242911087113018
14.9333333333333,0.96,1.04,0.00242911087111118
14.9333333333333,0.96,1.21333333333333,0.00242911087110157
14.9333333333333,0.96,1.38666666666667,0.00242911087109103
14.9333333333333,0.96,1.56,0.00242911087110335
14.9333333333333,1.08,0,0.00242911087112745
14.9333333333333,1.08,0.173333333333333,0.00242911087111862
14.9333333333333,1.08,0.346666666666667,0.00242911087112324
14.9333333333333,1.08,0.52,0.00242911087114363
14.9333333333333,1.08,0.693333333333333,0.00242911087113097
14.9333333333333,1.08,0.866666666666667,0.00242911087112959
14.9333333333333,1.08,1.04,0.00242911087109543
14.9333333333333,1.08,1.21333333333333,0.00242911087108093
14.9333333333333,1.08,1.38666666666667,0.00242911087110948
14.9333333333333,1.08,1.56,0.00242911087112789
17.0666666666667,0,0,0.00242911087110775
17.0666666666667,0,0.173333333333333,0.0024291108711208
17.0666666666667,0,0.346666666666667,0.00242911087110765
17.0666666666667,0,0.52,0.0024291108711133
17.0666666666667,0,0.693333333333333,0.00242911087112599
17.0666666666667,0,0.866666666666667,0.00242911087111531
17.0666666666667,0,1.04,0.00242911087110518
17.0666666666667,0,1.21333333333333,0.00242911087110219
17.0666666666667,0,1.38666666666667,0.00242911087109158
17.0666666666667,0,1.56,0.00242911087108228
17.0666666666667,0.12,0,0.0024291108711278
17.0666666666667,0.12,0.173333333333333,0.00242911087111459
17.0666666666667,0.12,0.346666666666667,0.00242911087110242
17.0666666666667,0.12,0.52,0.00242911087112926
17.0666666666667,0.12,0.693333333333333,0.00242911087113291
17.0666666666667,0.12,0.866666666666667,0.0024291108711148
17.0666666666667,0.12,1.04,0.00242911087112098
17.0666666666667,0.12,1.21333333333333,0.00242911087109247
17.0666666666667,0.12,1.38666666666667,0.00242911087109922
17.0666666666667,0.12,1.56,0.00242911087111315
17.0666666666667,0.24,0,0.0024291108711083
17.0666666666667,0.24,0.173333333333333,0.00242911087110206
17.0666666666667,0.24,0.346666666666667,0.00242911087109523
17.0666666666667,0.24,0.52,0.002429110871108
17.0666666666667,0.24,0.693333333333333,0.00242911087114245
17.0666666666667,0.24,0.866666666666667,0.00242911087113483
17.0666666666667,0.24,1.04,0.00242911087110898
17.0666666666667,0.24,1.21333333333333,0.00242911087110667
17.0666666666667,0.24,1.38666666666667,0.00242911087110497
17.0666666666667,0.24,1.56,0.00242911087110939
17.0666666666667,0.36,0,0.00242911087111268
17.0666666666667,0.36,0.173333333333333,0.0024291108711339
17.0666666666667,0.36,0.346666666666667,0.00242911087111822
17.0666666666667,0.36,0.52,0.00242911087110266
17.0666666666667,0.36,0.693333333333333,0.00242911087113098
17.0666666666667,0.36,0.866666666666667,0.0024291108711246
17.0666666666667,0.36,1.04,0.00242911087111492
17.0666666666667,0.36,1.21333333333333,0.00242911087110462
17.0666666666667,0.36,1.38666666666667,0.00242911087110311
17.0666666666667,0.36,1.56,0.00242911087111806
17.0666666666667,0.48,0,0.00242911087112019
17.0666666666667,0.48,0.173333333333333,0.00242911087111049
17.0666666666667,0.48,0.346666666666667,0.00242911087111966
17.0666666666667,0.48,0.52,0.00242911087111857
17.0666666666667,0.48,0.693333333333333,0.00242911087112583
17.0666666666667,0.48,0.866666666666667,0.0024291108711151
17.0666666666667,0.48,1.04,0.00242911087111091
17.0666666666667,0.48,1.21333333333333,0.00242911087109883
17.0666666666667,0.48,1.38666666666667,0.00242911087110487
17.0666666666667,0.48,1.56,0.00242911087112021
17.0666666666667,0.6,0,0.00242911087112506
17.0666666666667,0.6,0.173333333333333,0.00242911087110901
17.0666666666667,0.6,0.346666666666667,0.0024291108711093
17.0666666666667,0.6,0.52,0.00242911087112924
17.0666666666667,0.6,0.693333333333333,0.00242911087111276
17.0666666666667,0.6,0.866666666666667,0.0024291108711246
17.0666666666667,0.6,1.04,0.00242911087106507
17.0666666666667,0.6,1.21333333333333,0.00242911087111197
17.0666666666667,0.6,1.38666666666667,0.00242911087107514
17.0666666666667,0.6,1.56,0.00242911087111504
17.0666666666667,0.72,0,0.0024291108711316
17.0666666666667,0.72,0.173333333333333,0.00242911087111586
17.0666666666667,0.72,0.346666666666667,0.00242911087110857
17.0666666666667,0.72,0.52,0.00242911087111391
17.0666666666667,0.72,0.693333333333333,0.00242911087112826
17.0666666666667,0.72,0.866666666666667,0.00242911087111899
17.0666666666667,0.72,1.04,0.00242911087111658
17.0666666666667,0.72,1.21333333333333,0.00242911087111564
17.0666666666667,0.72,1.38666666666667,0.00242911087111028
17.0666666666667,0.72,1.56,0.00242911087111149
17.0666666666667,0.84,0,0.00242911087110699
17.0666666666667,0.84,0.173333333333333,0.0024291108711184
17.0666666666667,0.84,0.346666666666667,0.00242911087111911
17.0666666666667,0.84,0.52,0.00242911087111869
17.0666666666667,0.84,0.693333333333333,0.00242911087111384
17.0666666666667,0.84,0.866666666666667,0.00242911087112097
17.0666666666667,0.84,1.04,0.00242911087112239
17.0666666666667,0.84,1.21333333333333,0.00242911087111774
17.0666666666667,0.84,1.38666666666667,0.00242911087110924
17.0666666666667,0.84,1.56,0.00242911087110806
17.0666666666667,0.96,0,0.00242911087110757
17.0666666666667,0.96,0.173333333333333,0.00242911087110982
17.0666666666667,0.96,0.346666666666667,0.00242911087110304
17.0666666666667,0.96,0.52,0.0024291108711109
17.0666666666667,0.96,0.693333333333333,0.0024291108711091
17.0666666666667,0.96,0.866666666666667,0.00242911087110758
17.0666666666667,0.96,1.04,0.00242911087109593
17.0666666666667,0.96,1.21333333333333,0.00242911087110739
17.0666666666667,0.96,1.38666666666667,0.0024291108711043
17.0666666666667,0.96,1.56,0.00242911087110193
17.0666666666667,1.08,0,0.00242911087112107
17.0666666666667,1.08,0.173333333333333,0.0024291108711143
17.0666666666667,1.08,0.346666666666667,0.00242911087110772
17.0666666666667,1.08,0.52,0.00242911087113139
17.0666666666667,1.08,0.693333333333333,0.00242911087112907
17.0666666666667,1.08,0.866666666666667,0.00242911087108344
17.0666666666667,1.08,1.04,0.00242911087109962
17.0666666666667,1.08,1.21333333333333,0.00242911087110547
17.0666666666667,1.08,1.38666666666667,0.00242911087112195
17.0666666666667,1.08,1.56,0.00242911087111432
19.2,0,0,0.00242911087110463
19.2,0,0.173333333333333,0.0024291108711266
19.2,0,0.346666666666667,0.00242911087111067
19.2,0,0.52,0.00242911087111614
19.2,0,0.693333333333333,0.00242911087110309
19.2,0,0.866666666666667,0.00242911087110773
19.2,0,1.04,0.00242911087110154
19.2,0,1.21333333333333,0.00242911087110125
19.2,0,1.38666666666667,0.00242911087111848
19.2,0,1.56,0.00242911087109399
19.2,0.12,0,0.00242911087113166
19.2,0.12,0.173333333333333,0.0024291108711281
19.2,0.12,0.346666666666667,0.00242911087110428
19.2,0.12,0.52,0.00242911087112288
19.2,0.12,0.693333333333333,0.00242911087111307
19.2,0.12,0.866666666666667,0.00242911087112826
19.2,0.12,1.04,0.00242911087109344
19.2,0.12,1.21333333333333,0.00242911087109586
19.2,0.12,1.38666666666667,0.00242911087114687
19.2,0.12,1.56,0.00242911087113622
19.2,0.24,0,0.00242911087111469
19.2,0.24,0.173333333333333,0.00242911087112465
19.2,0.24,0.346666666666667,0.00242911087111236
19.2,0.24,0.52,0.00242911087110187
19.2,0.24,0.693333333333333,0.00242911087113128
19.2,0.24,0.866666666666667,0.00242911087111409
19.2,0.24,1.04,0.0024291108711156
19.2,0.24,1.21333333333333,0.00242911087110569
19.2,0.24,1.38666666666667,0.00242911087111558
19.2,0.24,1.56,0.00242911087111183
19.2,0.36,0,0.00242911087109807
19.2,0.36,0.173333333333333,0.00242911087113107
19.2,0.36,0.346666666666667,0.00242911087110722
19.2,0.36,0.52,0.00242911087112961
19.2,0.36,0.693333333333333,0.00242911087113138
19.2,0.36,0.866666666666667,0.00242911087112716
19.2,0.36,1.04,0.00242911087110915
19.2,0.36,1.21333333333333,0.0024291108711146
19.2,0.36,1.38666666666667,0.00242911087110711
19.2,0.36,1.56,0.0024291108711102
19.2,0.48,0,0.00242911087112226
19.2,0.48,0.173333333333333,0.00242911087110699
19.2,0.48,0.346666666666667,0.0024291108711127
19.2,0.48,0.52,0.0024291108710966
19.2,0.48,0.693333333333333,0.00242911087110306
19.2,0.48,0.866666666666667,0.00242911087112706
19.2,0.48,1.04,0.00242911087109848
19.2,0.48,1.21333333333333,0.00242911087109406
19.2,0.48,1.38666666666667,0.002429110871115
19.2,0.48,1.56,0.00242911087113064
19.2,0.6,0,0.00242911087112058
19.2,0.6,0.173333333333333,0.00242911087112232
19.2,0.6,0.346666666666667,0.00242911087113485
19.2,0.6,0.52,0.00242911087112372
19.2,0.6,0.693333333333333,0.00242911087112999
19.2,0.6,0.866666666666667,0.00242911087111304
19.2,0.6,1.04,0.00242911087109533
19.2,0.6,1.21333333333333,0.00242911087109843
19.2,0.6,1.38666666666667,0.00242911087111439
19.2,0.6,1.56,0.00242911087110669
19.2,0.72,0,0.00242911087111755
19.2,0.72,0.173333333333333,0.00242911087112732
19.2,0.72,0.346666666666667,0.00242911087113267
19.2,0.72,0.52,0.00242911087112718
19.2,0.72,0.693333333333333,0.00242911087110305
19.2,0.72,0.866666666666667,0.00242911087114862
19.2,0.72,1.04,0.00242911087109368
19.2,0.72,1.21333333333333,0.00242911087110606
19.2,0.72,1.38666666666667,0.0024291108711175
19.2,0.72,1.56,0.00242911087112872
19.2,0.84,0,0.00242911087111889
19.2,0.84,0.173333333333333,0.00242911087111975
19.2,0.84,0.346666666666667,0.00242911087112342
19.2,0.84,0.52,0.00242911087112915
19.2,0.84,0.693333333333333,0.0024291108711307
19.2,0.84,0.866666666666667,0.00242911087111903
19.2,0.84,1.04,0.00242911087110583
19.2,0.84,1.21333333333333,0.00242911087111566
19.2,0.84,1.38666666666667,0.00242911087112625
19.2,0.84,1.56,0.0024291108711256
19.2,0.96,0,0.00242911087111385
19.2,0.96,0.173333333333333,0.00242911087112791
19.2,0.96,0.346666666666667,0.00242911087110151
19.2,0.96,0.52,0.00242911087109942
19.2,0.96,0.693333333333333,0.00242911087112464
19.2,0.96,0.866666666666667,0.00242911087115452
19.2,0.96,1.04,0.00242911087110037
19.2,0.96,1.21333333333333,0.00242911087109391
19.2,0.96,1.38666666666667,0.00242911087112358
19.2,0.96,1.56,0.00242911087108945
19.2,1.08,0,0.00242911087112727
19.2,1.08,0.173333333333333,0.0024291108711182
19.2,1.08,0.346666666666667,0.00242911087112372
19.2,1.08,0.52,0.00242911087113445
19.2,1.08,0.693333333333333,0.00242911087112362
19.2,1.08,0.866666666666667,0.00242911087111878
19.2,1.08,1.04,0.00242911087109867
19.2,1.08,1.21333333333333,0.00242911087110435
19.2,1.08,1.38666666666667,0.00242911087110274
19.2,1.08,1.56,0.00242911087111356
