Glucose_exchange_input,Glutamine_exchange_input,G6P_input,FBP_input,G3P_input,PEP_input,lac_exchange_input,gln_input,glu_input,HK_knockdown,solution_output,g6p_change,fbp_change,g3p_change,pep_change,lac_change,gln_change,glu_change
0.223,0.003,3.87,0.62,0.54,0.54,6.4,0.56,0.88,0,0,0,0,0,0,0,0,0
0.223,0.003,3.87,0.62,0.54,0.54,6.4,0.56,0.88,0.0005005005005005,0,0,0,0,0,0,0,0
0.223,0.003,3.87,0.62,0.54,0.54,6.4,0.56,0.88,0.001001001001001,0,0,0,0,0,0,0,0
0.223,0.003,3.87,0.62,0.54,0.54,6.4,0.56,0.88,0.0015015015015015,0,0,0,0,0,0,0,0
0.223,0.003,3.87,0.62,0.54,0.54,6.4,0.56,0.88,0.002002002002002,0,0,0,0,0,0,0,0
0.223,0.003,3.87,0.62,0.54,0.54,6.4,0.56,0.88,0.0025025025025025,0,0,0,0,0,0,0,0
0.223,0.003,3.87,0.62,0.54,0.54,6.4,0.56,0.88,0.003003003003003,0,0,0,0,0,0,0,0
0.223,0.003,3.87,0.62,0.54,0.54,6.4,0.56,0.88,0.0035035035035035,0,0,0,0,0,0,0,0
0.223,0.003,3.87,0.62,0.54,0.54,6.4,0.56,0.88,0.004004004004004,0,0,0,0,0,0,0,0
0.223,0.003,3.87,0.62,0.54,0.54,6.4,0.56,0.88,0.0045045045045045,0,0,0,0,0,0,0,0
0.223,0.003,3.87,0.62,0.54,0.54,6.4,0.56,0.88,0.005005005005005,0,0,0,0,0,0,0,0
0.223,0.003,3.87,0.62,0.54,0.54,6.4,0.56,0.88,0.00550550550550551,0,0,0,0,0,0,0,0
0.223,0.003,3.87,0.62,0.54,0.54,6.4,0.56,0.88,0.00600600600600601,0,0,0,0,0,0,0,0
0.223,0.003,3.87,0.62,0.54,0.54,6.4,0.56,0.88,0.00650650650650651,0,0,0,0,0,0,0,0
0.223,0.003,3.87,0.62,0.54,0.54,6.4,0.56,0.88,0.00700700700700701,0,0,0,0,0,0,0,0
0.223,0.003,3.87,0.62,0.54,0.54,6.4,0.56,0.88,0.00750750750750751,0,0,0,0,0,0,0,0
0.223,0.003,3.87,0.62,0.54,0.54,6.4,0.56,0.88,0.00800800800800801,0,0,0,0,0,0,0,0
0.223,0.003,3.87,0.62,0.54,0.54,6.4,0.56,0.88,0.00850850850850851,0,0,0,0,0,0,0,0
0.223,0.003,3.87,0.62,0.54,0.54,6.4,0.56,0.88,0.00900900900900901,0,0,0,0,0,0,0,0
0.223,0.003,3.87,0.62,0.54,0.54,6.4,0.56,0.88,0.00950950950950951,0,0,0,0,0,0,0,0
0.223,0.003,3.87,0.62,0.54,0.54,6.4,0.56,0.88,0.01001001001001,0,0,0,0,0,0,0,0
0.223,0.003,3.87,0.62,0.54,0.54,6.4,0.56,0.88,0.0105105105105105,0,0,0,0,0,0,0,0
0.223,0.003,3.87,0.62,0.54,0.54,6.4,0.56,0.88,0.011011011011011,0,0,0,0,0,0,0,0
0.223,0.003,3.87,0.62,0.54,0.54,6.4,0.56,0.88,0.0115115115115115,0,0,0,0,0,0,0,0
0.223,0.003,3.87,0.62,0.54,0.54,6.4,0.56,0.88,0.012012012012012,0,0,0,0,0,0,0,0
0.223,0.003,3.87,0.62,0.54,0.54,6.4,0.56,0.88,0.0125125125125125,0,0,0,0,0,0,0,0
0.223,0.003,3.87,0.62,0.54,0.54,6.4,0.56,0.88,0.013013013013013,0,0,0,0,0,0,0,0
0.223,0.003,3.87,0.62,0.54,0.54,6.4,0.56,0.88,0.0135135135135135,0,0,0,0,0,0,0,0
0.223,0.003,3.87,0.62,0.54,0.54,6.4,0.56,0.88,0.014014014014014,0,0,0,0,0,0,0,0
0.223,0.003,3.87,0.62,0.54,0.54,6.4,0.56,0.88,0.0145145145145145,0,0,0,0,0,0,0,0
0.223,0.003,3.87,0.62,0.54,0.54,6.4,0.56,0.88,0.015015015015015,0,0,0,0,0,0,0,0
0.223,0.003,3.87,0.62,0.54,0.54,6.4,0.56,0.88,0.0155155155155155,0,0,0,0,0,0,0,0
0.223,0.003,3.87,0.62,0.54,0.54,6.4,0.56,0.88,0.016016016016016,0,0,0,0,0,0,0,0
0.223,0.003,3.87,0.62,0.54,0.54,6.4,0.56,0.88,0.0165165165165165,0,0,0,0,0,0,0,0
0.223,0.003,3.87,0.62,0.54,0.54,6.4,0.56,0.88,0.017017017017017,0,0,0,0,0,0,0,0
0.223,0.003,3.87,0.62,0.54,0.54,6.4,0.56,0.88,0.0175175175175175,0,0,0,0,0,0,0,0
0.223,0.003,3.87,0.62,0.54,0.54,6.4,0.56,0.88,0.018018018018018,0,0,0,0,0,0,0,0
0.223,0.003,3.87,0.62,0.54,0.54,6.4,0.56,0.88,0.0185185185185185,0,0,0,0,0,0,0,0
0.223,0.003,3.87,0.62,0.54,0.54,6.4,0.56,0.88,0.019019019019019,0,0,0,0,0,0,0,0
0.223,0.003,3.87,0.62,0.54,0.54,6.4,0.56,0.88,0.0195195195195195,0,0,0,0,0,0,0,0
0.223,0.003,3.87,0.62,0.54,0.54,6.4,0.56,0.88,0.02002002002002,0,0,0,0,0,0,0,0
0.223,0.003,3.87,0.62,0.54,0.54,6.4,0.56,0.88,0.0205205205205205,0,0,0,0,0,0,0,0
0.223,0.003,3.87,0.62,0.54,0.54,6.4,0.56,0.88,0.021021021021021,0,0,0,0,0,0,0,0
0.223,0.003,3.87,0.62,0.54,0.54,6.4,0.56,0.88,0.0215215215215215,0,0,0,0,0,0,0,0
0.223,0.003,3.87,0.62,0.54,0.54,6.4,0.56,0.88,0.022022022022022,0,0,0,0,0,0,0,0
0.223,0.003,3.87,0.62,0.54,0.54,6.4,0.56,0.88,0.0225225225225225,0,0,0,0,0,0,0,0
0.223,0.003,3.87,0.62,0.54,0.54,6.4,0.56,0.88,0.023023023023023,0,0,0,0,0,0,0,0
0.223,0.003,3.87,0.62,0.54,0.54,6.4,0.56,0.88,0.0235235235235235,0,0,0,0,0,0,0,0
0.223,0.003,3.87,0.62,0.54,0.54,6.4,0.56,0.88,0.024024024024024,0,0,0,0,0,0,0,0
0.223,0.003,3.87,0.62,0.54,0.54,6.4,0.56,0.88,0.0245245245245245,0,0,0,0,0,0,0,0
0.223,0.003,3.87,0.62,0.54,0.54,6.4,0.56,0.88,0.025025025025025,0,0,0,0,0,0,0,0
0.223,0.003,3.87,0.62,0.54,0.54,6.4,0.56,0.88,0.0255255255255255,0,0,0,0,0,0,0,0
0.223,0.003,3.87,0.62,0.54,0.54,6.4,0.56,0.88,0.026026026026026,0,0,0,0,0,0,0,0
0.223,0.003,3.87,0.62,0.54,0.54,6.4,0.56,0.88,0.0265265265265265,0,0,0,0,0,0,0,0
0.223,0.003,3.87,0.62,0.54,0.54,6.4,0.56,0.88,0.027027027027027,0,0,0,0,0,0,0,0
0.223,0.003,3.87,0.62,0.54,0.54,6.4,0.56,0.88,0.0275275275275275,0,0,0,0,0,0,0,0
0.223,0.003,3.87,0.62,0.54,0.54,6.4,0.56,0.88,0.028028028028028,0,0,0,0,0,0,0,0
0.223,0.003,3.87,0.62,0.54,0.54,6.4,0.56,0.88,0.0285285285285285,0,0,0,0,0,0,0,0
0.223,0.003,3.87,0.62,0.54,0.54,6.4,0.56,0.88,0.029029029029029,0,0,0,0,0,0,0,0
0.223,0.003,3.87,0.62,0.54,0.54,6.4,0.56,0.88,0.0295295295295295,0,0,0,0,0,0,0,0
0.223,0.003,3.87,0.62,0.54,0.54,6.4,0.56,0.88,0.03003003003003,0,0,0,0,0,0,0,0
0.223,0.003,3.87,0.62,0.54,0.54,6.4,0.56,0.88,0.0305305305305305,0,0,0,0,0,0,0,0
0.223,0.003,3.87,0.62,0.54,0.54,6.4,0.56,0.88,0.031031031031031,0,0,0,0,0,0,0,0
0.223,0.003,3.87,0.62,0.54,0.54,6.4,0.56,0.88,0.0315315315315315,0,0,0,0,0,0,0,0
0.223,0.003,3.87,0.62,0.54,0.54,6.4,0.56,0.88,0.032032032032032,0,0,0,0,0,0,0,0
0.223,0.003,3.87,0.62,0.54,0.54,6.4,0.56,0.88,0.0325325325325325,0,0,0,0,0,0,0,0
0.223,0.003,3.87,0.62,0.54,0.54,6.4,0.56,0.88,0.033033033033033,0,0,0,0,0,0,0,0
0.223,0.003,3.87,0.62,0.54,0.54,6.4,0.56,0.88,0.0335335335335335,0,0,0,0,0,0,0,0
0.223,0.003,3.87,0.62,0.54,0.54,6.4,0.56,0.88,0.034034034034034,0,0,0,0,0,0,0,0
0.223,0.003,3.87,0.62,0.54,0.54,6.4,0.56,0.88,0.0345345345345345,0,0,0,0,0,0,0,0
0.223,0.003,3.87,0.62,0.54,0.54,6.4,0.56,0.88,0.035035035035035,0,0,0,0,0,0,0,0
0.223,0.003,3.87,0.62,0.54,0.54,6.4,0.56,0.88,0.0355355355355355,0,0,0,0,0,0,0,0
0.223,0.003,3.87,0.62,0.54,0.54,6.4,0.56,0.88,0.036036036036036,0,0,0,0,0,0,0,0
0.223,0.003,3.87,0.62,0.54,0.54,6.4,0.56,0.88,0.0365365365365365,0,0,0,0,0,0,0,0
0.223,0.003,3.87,0.62,0.54,0.54,6.4,0.56,0.88,0.037037037037037,0,0,0,0,0,0,0,0
0.223,0.003,3.87,0.62,0.54,0.54,6.4,0.56,0.88,0.0375375375375375,0,0,0,0,0,0,0,0
0.223,0.003,3.87,0.62,0.54,0.54,6.4,0.56,0.88,0.038038038038038,0,0,0,0,0,0,0,0
0.223,0.003,3.87,0.62,0.54,0.54,6.4,0.56,0.88,0.0385385385385385,0,0,0,0,0,0,0,0
0.223,0.003,3.87,0.62,0.54,0.54,6.4,0.56,0.88,0.039039039039039,0,0,0,0,0,0,0,0
0.223,0.003,3.87,0.62,0.54,0.54,6.4,0.56,0.88,0.0395395395395395,0,0,0,0,0,0,0,0
0.223,0.003,3.87,0.62,0.54,0.54,6.4,0.56,0.88,0.04004004004004,0,0,0,0,0,0,0,0
0.223,0.003,3.87,0.62,0.54,0.54,6.4,0.56,0.88,0.0405405405405405,0,0,0,0,0,0,0,0
0.223,0.003,3.87,0.62,0.54,0.54,6.4,0.56,0.88,0.041041041041041,0,0,0,0,0,0,0,0
0.223,0.003,3.87,0.62,0.54,0.54,6.4,0.56,0.88,0.0415415415415415,0,0,0,0,0,0,0,0
0.223,0.003,3.87,0.62,0.54,0.54,6.4,0.56,0.88,0.042042042042042,0,0,0,0,0,0,0,0
0.223,0.003,3.87,0.62,0.54,0.54,6.4,0.56,0.88,0.0425425425425425,0,0,0,0,0,0,0,0
0.223,0.003,3.87,0.62,0.54,0.54,6.4,0.56,0.88,0.043043043043043,0,0,0,0,0,0,0,0
0.223,0.003,3.87,0.62,0.54,0.54,6.4,0.56,0.88,0.0435435435435435,0,0,0,0,0,0,0,0
0.223,0.003,3.87,0.62,0.54,0.54,6.4,0.56,0.88,0.044044044044044,0,0,0,0,0,0,0,0
0.223,0.003,3.87,0.62,0.54,0.54,6.4,0.56,0.88,0.0445445445445445,0,0,0,0,0,0,0,0
0.223,0.003,3.87,0.62,0.54,0.54,6.4,0.56,0.88,0.045045045045045,0,0,0,0,0,0,0,0
0.223,0.003,3.87,0.62,0.54,0.54,6.4,0.56,0.88,0.0455455455455455,0,0,0,0,0,0,0,0
0.223,0.003,3.87,0.62,0.54,0.54,6.4,0.56,0.88,0.046046046046046,0,0,0,0,0,0,0,0
0.223,0.003,3.87,0.62,0.54,0.54,6.4,0.56,0.88,0.0465465465465465,0,0,0,0,0,0,0,0
0.223,0.003,3.87,0.62,0.54,0.54,6.4,0.56,0.88,0.047047047047047,0,0,0,0,0,0,0,0
0.223,0.003,3.87,0.62,0.54,0.54,6.4,0.56,0.88,0.0475475475475475,0,0,0,0,0,0,0,0
0.223,0.003,3.87,0.62,0.54,0.54,6.4,0.56,0.88,0.048048048048048,0,0,0,0,0,0,0,0
0.223,0.003,3.87,0.62,0.54,0.54,6.4,0.56,0.88,0.0485485485485486,0,0,0,0,0,0,0,0
0.223,0.003,3.87,0.62,0.54,0.54,6.4,0.56,0.88,0.049049049049049,0,0,0,0,0,0,0,0
0.223,0.003,3.87,0.62,0.54,0.54,6.4,0.56,0.88,0.0495495495495495,0,0,0,0,0,0,0,0
0.223,0.003,3.87,0.62,0.54,0.54,6.4,0.56,0.88,0.0500500500500501,0,0,0,0,0,0,0,0
0.223,0.003,3.87,0.62,0.54,0.54,6.4,0.56,0.88,0.0505505505505505,0,0,0,0,0,0,0,0
0.223,0.003,3.87,0.62,0.54,0.54,6.4,0.56,0.88,0.0510510510510511,0,0,0,0,0,0,0,0
0.223,0.003,3.87,0.62,0.54,0.54,6.4,0.56,0.88,0.0515515515515515,0,0,0,0,0,0,0,0
0.223,0.003,3.87,0.62,0.54,0.54,6.4,0.56,0.88,0.0520520520520521,0,0,0,0,0,0,0,0
0.223,0.003,3.87,0.62,0.54,0.54,6.4,0.56,0.88,0.0525525525525526,0,0,0,0,0,0,0,0
0.223,0.003,3.87,0.62,0.54,0.54,6.4,0.56,0.88,0.0530530530530531,0,0,0,0,0,0,0,0
0.223,0.003,3.87,0.62,0.54,0.54,6.4,0.56,0.88,0.0535535535535536,0,0,0,0,0,0,0,0
0.223,0.003,3.87,0.62,0.54,0.54,6.4,0.56,0.88,0.0540540540540541,0,0,0,0,0,0,0,0
0.223,0.003,3.87,0.62,0.54,0.54,6.4,0.56,0.88,0.0545545545545546,0,0,0,0,0,0,0,0
0.223,0.003,3.87,0.62,0.54,0.54,6.4,0.56,0.88,0.0550550550550551,0,0,0,0,0,0,0,0
0.223,0.003,3.87,0.62,0.54,0.54,6.4,0.56,0.88,0.0555555555555556,0,0,0,0,0,0,0,0
0.223,0.003,3.87,0.62,0.54,0.54,6.4,0.56,0.88,0.0560560560560561,0,0,0,0,0,0,0,0
0.223,0.003,3.87,0.62,0.54,0.54,6.4,0.56,0.88,0.0565565565565566,0,0,0,0,0,0,0,0
0.223,0.003,3.87,0.62,0.54,0.54,6.4,0.56,0.88,0.0570570570570571,0,0,0,0,0,0,0,0
0.223,0.003,3.87,0.62,0.54,0.54,6.4,0.56,0.88,0.0575575575575576,0,0,0,0,0,0,0,0
0.223,0.003,3.87,0.62,0.54,0.54,6.4,0.56,0.88,0.0580580580580581,0,0,0,0,0,0,0,0
0.223,0.003,3.87,0.62,0.54,0.54,6.4,0.56,0.88,0.0585585585585586,0,0,0,0,0,0,0,0
0.223,0.003,3.87,0.62,0.54,0.54,6.4,0.56,0.88,0.0590590590590591,0,0,0,0,0,0,0,0
0.223,0.003,3.87,0.62,0.54,0.54,6.4,0.56,0.88,0.0595595595595596,0,0,0,0,0,0,0,0
0.223,0.003,3.87,0.62,0.54,0.54,6.4,0.56,0.88,0.0600600600600601,0,0,0,0,0,0,0,0
0.223,0.003,3.87,0.62,0.54,0.54,6.4,0.56,0.88,0.0605605605605606,0,0,0,0,0,0,0,0
0.223,0.003,3.87,0.62,0.54,0.54,6.4,0.56,0.88,0.0610610610610611,0,0,0,0,0,0,0,0
0.223,0.003,3.87,0.62,0.54,0.54,6.4,0.56,0.88,0.0615615615615616,0,0,0,0,0,0,0,0
0.223,0.003,3.87,0.62,0.54,0.54,6.4,0.56,0.88,0.0620620620620621,0,0,0,0,0,0,0,0
0.223,0.003,3.87,0.62,0.54,0.54,6.4,0.56,0.88,0.0625625625625626,0,0,0,0,0,0,0,0
0.223,0.003,3.87,0.62,0.54,0.54,6.4,0.56,0.88,0.0630630630630631,0,0,0,0,0,0,0,0
0.223,0.003,3.87,0.62,0.54,0.54,6.4,0.56,0.88,0.0635635635635636,0,0,0,0,0,0,0,0
0.223,0.003,3.87,0.62,0.54,0.54,6.4,0.56,0.88,0.0640640640640641,0,0,0,0,0,0,0,0
0.223,0.003,3.87,0.62,0.54,0.54,6.4,0.56,0.88,0.0645645645645646,0,0,0,0,0,0,0,0
0.223,0.003,3.87,0.62,0.54,0.54,6.4,0.56,0.88,0.0650650650650651,0,0,0,0,0,0,0,0
0.223,0.003,3.87,0.62,0.54,0.54,6.4,0.56,0.88,0.0655655655655656,0,0,0,0,0,0,0,0
0.223,0.003,3.87,0.62,0.54,0.54,6.4,0.56,0.88,0.0660660660660661,0,0,0,0,0,0,0,0
0.223,0.003,3.87,0.62,0.54,0.54,6.4,0.56,0.88,0.0665665665665666,0,0,0,0,0,0,0,0
0.223,0.003,3.87,0.62,0.54,0.54,6.4,0.56,0.88,0.0670670670670671,0,0,0,0,0,0,0,0
0.223,0.003,3.87,0.62,0.54,0.54,6.4,0.56,0.88,0.0675675675675676,0,0,0,0,0,0,0,0
0.223,0.003,3.87,0.62,0.54,0.54,6.4,0.56,0.88,0.0680680680680681,0,0,0,0,0,0,0,0
0.223,0.003,3.87,0.62,0.54,0.54,6.4,0.56,0.88,0.0685685685685686,0,0,0,0,0,0,0,0
0.223,0.003,3.87,0.62,0.54,0.54,6.4,0.56,0.88,0.0690690690690691,0,0,0,0,0,0,0,0
0.223,0.003,3.87,0.62,0.54,0.54,6.4,0.56,0.88,0.0695695695695696,0,0,0,0,0,0,0,0
0.223,0.003,3.87,0.62,0.54,0.54,6.4,0.56,0.88,0.0700700700700701,0,0,0,0,0,0,0,0
0.223,0.003,3.87,0.62,0.54,0.54,6.4,0.56,0.88,0.0705705705705706,0,0,0,0,0,0,0,0
0.223,0.003,3.87,0.62,0.54,0.54,6.4,0.56,0.88,0.0710710710710711,0,0,0,0,0,0,0,0
0.223,0.003,3.87,0.62,0.54,0.54,6.4,0.56,0.88,0.0715715715715716,0,0,0,0,0,0,0,0
0.223,0.003,3.87,0.62,0.54,0.54,6.4,0.56,0.88,0.0720720720720721,0,0,0,0,0,0,0,0
0.223,0.003,3.87,0.62,0.54,0.54,6.4,0.56,0.88,0.0725725725725726,0,0,0,0,0,0,0,0
0.223,0.003,3.87,0.62,0.54,0.54,6.4,0.56,0.88,0.0730730730730731,0,0,0,0,0,0,0,0
0.223,0.003,3.87,0.62,0.54,0.54,6.4,0.56,0.88,0.0735735735735736,0,0,0,0,0,0,0,0
0.223,0.003,3.87,0.62,0.54,0.54,6.4,0.56,0.88,0.0740740740740741,0,0,0,0,0,0,0,0
0.223,0.003,3.87,0.62,0.54,0.54,6.4,0.56,0.88,0.0745745745745746,0,0,0,0,0,0,0,0
0.223,0.003,3.87,0.62,0.54,0.54,6.4,0.56,0.88,0.0750750750750751,0,0,0,0,0,0,0,0
0.223,0.003,3.87,0.62,0.54,0.54,6.4,0.56,0.88,0.0755755755755756,0,0,0,0,0,0,0,0
0.223,0.003,3.87,0.62,0.54,0.54,6.4,0.56,0.88,0.0760760760760761,0,0,0,0,0,0,0,0
0.223,0.003,3.87,0.62,0.54,0.54,6.4,0.56,0.88,0.0765765765765766,0,0,0,0,0,0,0,0
0.223,0.003,3.87,0.62,0.54,0.54,6.4,0.56,0.88,0.0770770770770771,0,0,0,0,0,0,0,0
0.223,0.003,3.87,0.62,0.54,0.54,6.4,0.56,0.88,0.0775775775775776,0,0,0,0,0,0,0,0
0.223,0.003,3.87,0.62,0.54,0.54,6.4,0.56,0.88,0.0780780780780781,0,0,0,0,0,0,0,0
0.223,0.003,3.87,0.62,0.54,0.54,6.4,0.56,0.88,0.0785785785785786,0,0,0,0,0,0,0,0
0.223,0.003,3.87,0.62,0.54,0.54,6.4,0.56,0.88,0.0790790790790791,0,0,0,0,0,0,0,0
0.223,0.003,3.87,0.62,0.54,0.54,6.4,0.56,0.88,0.0795795795795796,0,0,0,0,0,0,0,0
0.223,0.003,3.87,0.62,0.54,0.54,6.4,0.56,0.88,0.0800800800800801,0,0,0,0,0,0,0,0
0.223,0.003,3.87,0.62,0.54,0.54,6.4,0.56,0.88,0.0805805805805806,0,0,0,0,0,0,0,0
0.223,0.003,3.87,0.62,0.54,0.54,6.4,0.56,0.88,0.0810810810810811,0,0,0,0,0,0,0,0
0.223,0.003,3.87,0.62,0.54,0.54,6.4,0.56,0.88,0.0815815815815816,0,0,0,0,0,0,0,0
0.223,0.003,3.87,0.62,0.54,0.54,6.4,0.56,0.88,0.0820820820820821,0,0,0,0,0,0,0,0
0.223,0.003,3.87,0.62,0.54,0.54,6.4,0.56,0.88,0.0825825825825826,0,0,0,0,0,0,0,0
0.223,0.003,3.87,0.62,0.54,0.54,6.4,0.56,0.88,0.0830830830830831,0,0,0,0,0,0,0,0
0.223,0.003,3.87,0.62,0.54,0.54,6.4,0.56,0.88,0.0835835835835836,0,0,0,0,0,0,0,0
0.223,0.003,3.87,0.62,0.54,0.54,6.4,0.56,0.88,0.0840840840840841,0,0,0,0,0,0,0,0
0.223,0.003,3.87,0.62,0.54,0.54,6.4,0.56,0.88,0.0845845845845846,0,0,0,0,0,0,0,0
0.223,0.003,3.87,0.62,0.54,0.54,6.4,0.56,0.88,0.0850850850850851,0,0,0,0,0,0,0,0
0.223,0.003,3.87,0.62,0.54,0.54,6.4,0.56,0.88,0.0855855855855856,0,0,0,0,0,0,0,0
0.223,0.003,3.87,0.62,0.54,0.54,6.4,0.56,0.88,0.0860860860860861,0,0,0,0,0,0,0,0
0.223,0.003,3.87,0.62,0.54,0.54,6.4,0.56,0.88,0.0865865865865866,0,0,0,0,0,0,0,0
0.223,0.003,3.87,0.62,0.54,0.54,6.4,0.56,0.88,0.0870870870870871,0,0,0,0,0,0,0,0
0.223,0.003,3.87,0.62,0.54,0.54,6.4,0.56,0.88,0.0875875875875876,0,0,0,0,0,0,0,0
0.223,0.003,3.87,0.62,0.54,0.54,6.4,0.56,0.88,0.0880880880880881,0,0,0,0,0,0,0,0
0.223,0.003,3.87,0.62,0.54,0.54,6.4,0.56,0.88,0.0885885885885886,0,0,0,0,0,0,0,0
0.223,0.003,3.87,0.62,0.54,0.54,6.4,0.56,0.88,0.0890890890890891,0,0,0,0,0,0,0,0
0.223,0.003,3.87,0.62,0.54,0.54,6.4,0.56,0.88,0.0895895895895896,0,0,0,0,0,0,0,0
0.223,0.003,3.87,0.62,0.54,0.54,6.4,0.56,0.88,0.0900900900900901,0,0,0,0,0,0,0,0
0.223,0.003,3.87,0.62,0.54,0.54,6.4,0.56,0.88,0.0905905905905906,0,0,0,0,0,0,0,0
0.223,0.003,3.87,0.62,0.54,0.54,6.4,0.56,0.88,0.0910910910910911,0,0,0,0,0,0,0,0
0.223,0.003,3.87,0.62,0.54,0.54,6.4,0.56,0.88,0.0915915915915916,0,0,0,0,0,0,0,0
0.223,0.003,3.87,0.62,0.54,0.54,6.4,0.56,0.88,0.0920920920920921,0,0,0,0,0,0,0,0
0.223,0.003,3.87,0.62,0.54,0.54,6.4,0.56,0.88,0.0925925925925926,0,0,0,0,0,0,0,0
0.223,0.003,3.87,0.62,0.54,0.54,6.4,0.56,0.88,0.0930930930930931,0,0,0,0,0,0,0,0
0.223,0.003,3.87,0.62,0.54,0.54,6.4,0.56,0.88,0.0935935935935936,0,0,0,0,0,0,0,0
0.223,0.003,3.87,0.62,0.54,0.54,6.4,0.56,0.88,0.0940940940940941,0,0,0,0,0,0,0,0
0.223,0.003,3.87,0.62,0.54,0.54,6.4,0.56,0.88,0.0945945945945946,0,0,0,0,0,0,0,0
0.223,0.003,3.87,0.62,0.54,0.54,6.4,0.56,0.88,0.0950950950950951,0,0,0,0,0,0,0,0
0.223,0.003,3.87,0.62,0.54,0.54,6.4,0.56,0.88,0.0955955955955956,0,0,0,0,0,0,0,0
0.223,0.003,3.87,0.62,0.54,0.54,6.4,0.56,0.88,0.0960960960960961,0,0,0,0,0,0,0,0
0.223,0.003,3.87,0.62,0.54,0.54,6.4,0.56,0.88,0.0965965965965966,0,0,0,0,0,0,0,0
0.223,0.003,3.87,0.62,0.54,0.54,6.4,0.56,0.88,0.0970970970970971,0,0,0,0,0,0,0,0
0.223,0.003,3.87,0.62,0.54,0.54,6.4,0.56,0.88,0.0975975975975976,0,0,0,0,0,0,0,0
0.223,0.003,3.87,0.62,0.54,0.54,6.4,0.56,0.88,0.0980980980980981,0,0,0,0,0,0,0,0
0.223,0.003,3.87,0.62,0.54,0.54,6.4,0.56,0.88,0.0985985985985986,0,0,0,0,0,0,0,0
0.223,0.003,3.87,0.62,0.54,0.54,6.4,0.56,0.88,0.0990990990990991,0,0,0,0,0,0,0,0
0.223,0.003,3.87,0.62,0.54,0.54,6.4,0.56,0.88,0.0995995995995996,0,0,0,0,0,0,0,0
0.223,0.003,3.87,0.62,0.54,0.54,6.4,0.56,0.88,0.1001001001001,0,0,0,0,0,0,0,0
0.223,0.003,3.87,0.62,0.54,0.54,6.4,0.56,0.88,0.100600600600601,0,0,0,0,0,0,0,0
0.223,0.003,3.87,0.62,0.54,0.54,6.4,0.56,0.88,0.101101101101101,0,0,0,0,0,0,0,0
0.223,0.003,3.87,0.62,0.54,0.54,6.4,0.56,0.88,0.101601601601602,0,0,0,0,0,0,0,0
0.223,0.003,3.87,0.62,0.54,0.54,6.4,0.56,0.88,0.102102102102102,0,0,0,0,0,0,0,0
0.223,0.003,3.87,0.62,0.54,0.54,6.4,0.56,0.88,0.102602602602603,0,0,0,0,0,0,0,0
0.223,0.003,3.87,0.62,0.54,0.54,6.4,0.56,0.88,0.103103103103103,0,0,0,0,0,0,0,0
0.223,0.003,3.87,0.62,0.54,0.54,6.4,0.56,0.88,0.103603603603604,0,0,0,0,0,0,0,0
0.223,0.003,3.87,0.62,0.54,0.54,6.4,0.56,0.88,0.104104104104104,0,0,0,0,0,0,0,0
0.223,0.003,3.87,0.62,0.54,0.54,6.4,0.56,0.88,0.104604604604605,0,0,0,0,0,0,0,0
0.223,0.003,3.87,0.62,0.54,0.54,6.4,0.56,0.88,0.105105105105105,0,0,0,0,0,0,0,0
0.223,0.003,3.87,0.62,0.54,0.54,6.4,0.56,0.88,0.105605605605606,0,0,0,0,0,0,0,0
0.223,0.003,3.87,0.62,0.54,0.54,6.4,0.56,0.88,0.106106106106106,0,0,0,0,0,0,0,0
0.223,0.003,3.87,0.62,0.54,0.54,6.4,0.56,0.88,0.106606606606607,0,0,0,0,0,0,0,0
0.223,0.003,3.87,0.62,0.54,0.54,6.4,0.56,0.88,0.107107107107107,0,0,0,0,0,0,0,0
0.223,0.003,3.87,0.62,0.54,0.54,6.4,0.56,0.88,0.107607607607608,0,0,0,0,0,0,0,0
0.223,0.003,3.87,0.62,0.54,0.54,6.4,0.56,0.88,0.108108108108108,0,0,0,0,0,0,0,0
0.223,0.003,3.87,0.62,0.54,0.54,6.4,0.56,0.88,0.108608608608609,0,0,0,0,0,0,0,0
0.223,0.003,3.87,0.62,0.54,0.54,6.4,0.56,0.88,0.109109109109109,0,0,0,0,0,0,0,0
0.223,0.003,3.87,0.62,0.54,0.54,6.4,0.56,0.88,0.10960960960961,0,0,0,0,0,0,0,0
0.223,0.003,3.87,0.62,0.54,0.54,6.4,0.56,0.88,0.11011011011011,0,0,0,0,0,0,0,0
0.223,0.003,3.87,0.62,0.54,0.54,6.4,0.56,0.88,0.110610610610611,0,0,0,0,0,0,0,0
0.223,0.003,3.87,0.62,0.54,0.54,6.4,0.56,0.88,0.111111111111111,0,0,0,0,0,0,0,0
0.223,0.003,3.87,0.62,0.54,0.54,6.4,0.56,0.88,0.111611611611612,0,0,0,0,0,0,0,0
0.223,0.003,3.87,0.62,0.54,0.54,6.4,0.56,0.88,0.112112112112112,0,0,0,0,0,0,0,0
0.223,0.003,3.87,0.62,0.54,0.54,6.4,0.56,0.88,0.112612612612613,0,0,0,0,0,0,0,0
0.223,0.003,3.87,0.62,0.54,0.54,6.4,0.56,0.88,0.113113113113113,0,0,0,0,0,0,0,0
0.223,0.003,3.87,0.62,0.54,0.54,6.4,0.56,0.88,0.113613613613614,0,0,0,0,0,0,0,0
0.223,0.003,3.87,0.62,0.54,0.54,6.4,0.56,0.88,0.114114114114114,0,0,0,0,0,0,0,0
0.223,0.003,3.87,0.62,0.54,0.54,6.4,0.56,0.88,0.114614614614615,0,0,0,0,0,0,0,0
0.223,0.003,3.87,0.62,0.54,0.54,6.4,0.56,0.88,0.115115115115115,0,0,0,0,0,0,0,0
0.223,0.003,3.87,0.62,0.54,0.54,6.4,0.56,0.88,0.115615615615616,0,0,0,0,0,0,0,0
0.223,0.003,3.87,0.62,0.54,0.54,6.4,0.56,0.88,0.116116116116116,0,0,0,0,0,0,0,0
0.223,0.003,3.87,0.62,0.54,0.54,6.4,0.56,0.88,0.116616616616617,0,0,0,0,0,0,0,0
0.223,0.003,3.87,0.62,0.54,0.54,6.4,0.56,0.88,0.117117117117117,0,0,0,0,0,0,0,0
0.223,0.003,3.87,0.62,0.54,0.54,6.4,0.56,0.88,0.117617617617618,0,0,0,0,0,0,0,0
0.223,0.003,3.87,0.62,0.54,0.54,6.4,0.56,0.88,0.118118118118118,0,0,0,0,0,0,0,0
0.223,0.003,3.87,0.62,0.54,0.54,6.4,0.56,0.88,0.118618618618619,0,0,0,0,0,0,0,0
0.223,0.003,3.87,0.62,0.54,0.54,6.4,0.56,0.88,0.119119119119119,0,0,0,0,0,0,0,0
0.223,0.003,3.87,0.62,0.54,0.54,6.4,0.56,0.88,0.11961961961962,0,0,0,0,0,0,0,0
0.223,0.003,3.87,0.62,0.54,0.54,6.4,0.56,0.88,0.12012012012012,0,0,0,0,0,0,0,0
0.223,0.003,3.87,0.62,0.54,0.54,6.4,0.56,0.88,0.120620620620621,0,0,0,0,0,0,0,0
0.223,0.003,3.87,0.62,0.54,0.54,6.4,0.56,0.88,0.121121121121121,0,0,0,0,0,0,0,0
0.223,0.003,3.87,0.62,0.54,0.54,6.4,0.56,0.88,0.121621621621622,0,0,0,0,0,0,0,0
0.223,0.003,3.87,0.62,0.54,0.54,6.4,0.56,0.88,0.122122122122122,0,0,0,0,0,0,0,0
0.223,0.003,3.87,0.62,0.54,0.54,6.4,0.56,0.88,0.122622622622623,0,0,0,0,0,0,0,0
0.223,0.003,3.87,0.62,0.54,0.54,6.4,0.56,0.88,0.123123123123123,0,0,0,0,0,0,0,0
0.223,0.003,3.87,0.62,0.54,0.54,6.4,0.56,0.88,0.123623623623624,0,0,0,0,0,0,0,0
0.223,0.003,3.87,0.62,0.54,0.54,6.4,0.56,0.88,0.124124124124124,0,0,0,0,0,0,0,0
0.223,0.003,3.87,0.62,0.54,0.54,6.4,0.56,0.88,0.124624624624625,0,0,0,0,0,0,0,0
0.223,0.003,3.87,0.62,0.54,0.54,6.4,0.56,0.88,0.125125125125125,0,0,0,0,0,0,0,0
0.223,0.003,3.87,0.62,0.54,0.54,6.4,0.56,0.88,0.125625625625626,0,0,0,0,0,0,0,0
0.223,0.003,3.87,0.62,0.54,0.54,6.4,0.56,0.88,0.126126126126126,0,0,0,0,0,0,0,0
0.223,0.003,3.87,0.62,0.54,0.54,6.4,0.56,0.88,0.126626626626627,0,0,0,0,0,0,0,0
0.223,0.003,3.87,0.62,0.54,0.54,6.4,0.56,0.88,0.127127127127127,0,0,0,0,0,0,0,0
0.223,0.003,3.87,0.62,0.54,0.54,6.4,0.56,0.88,0.127627627627628,0,0,0,0,0,0,0,0
0.223,0.003,3.87,0.62,0.54,0.54,6.4,0.56,0.88,0.128128128128128,0,0,0,0,0,0,0,0
0.223,0.003,3.87,0.62,0.54,0.54,6.4,0.56,0.88,0.128628628628629,0,0,0,0,0,0,0,0
0.223,0.003,3.87,0.62,0.54,0.54,6.4,0.56,0.88,0.129129129129129,0,0,0,0,0,0,0,0
0.223,0.003,3.87,0.62,0.54,0.54,6.4,0.56,0.88,0.12962962962963,0,0,0,0,0,0,0,0
0.223,0.003,3.87,0.62,0.54,0.54,6.4,0.56,0.88,0.13013013013013,0,0,0,0,0,0,0,0
0.223,0.003,3.87,0.62,0.54,0.54,6.4,0.56,0.88,0.130630630630631,0,0,0,0,0,0,0,0
0.223,0.003,3.87,0.62,0.54,0.54,6.4,0.56,0.88,0.131131131131131,0,0,0,0,0,0,0,0
0.223,0.003,3.87,0.62,0.54,0.54,6.4,0.56,0.88,0.131631631631632,0,0,0,0,0,0,0,0
0.223,0.003,3.87,0.62,0.54,0.54,6.4,0.56,0.88,0.132132132132132,0,0,0,0,0,0,0,0
0.223,0.003,3.87,0.62,0.54,0.54,6.4,0.56,0.88,0.132632632632633,0,0,0,0,0,0,0,0
0.223,0.003,3.87,0.62,0.54,0.54,6.4,0.56,0.88,0.133133133133133,0,0,0,0,0,0,0,0
0.223,0.003,3.87,0.62,0.54,0.54,6.4,0.56,0.88,0.133633633633634,0,0,0,0,0,0,0,0
0.223,0.003,3.87,0.62,0.54,0.54,6.4,0.56,0.88,0.134134134134134,0,0,0,0,0,0,0,0
0.223,0.003,3.87,0.62,0.54,0.54,6.4,0.56,0.88,0.134634634634635,0,0,0,0,0,0,0,0
0.223,0.003,3.87,0.62,0.54,0.54,6.4,0.56,0.88,0.135135135135135,0,0,0,0,0,0,0,0
0.223,0.003,3.87,0.62,0.54,0.54,6.4,0.56,0.88,0.135635635635636,0,0,0,0,0,0,0,0
0.223,0.003,3.87,0.62,0.54,0.54,6.4,0.56,0.88,0.136136136136136,0,0,0,0,0,0,0,0
0.223,0.003,3.87,0.62,0.54,0.54,6.4,0.56,0.88,0.136636636636637,0,0,0,0,0,0,0,0
0.223,0.003,3.87,0.62,0.54,0.54,6.4,0.56,0.88,0.137137137137137,0,0,0,0,0,0,0,0
0.223,0.003,3.87,0.62,0.54,0.54,6.4,0.56,0.88,0.137637637637638,0,0,0,0,0,0,0,0
0.223,0.003,3.87,0.62,0.54,0.54,6.4,0.56,0.88,0.138138138138138,0,0,0,0,0,0,0,0
0.223,0.003,3.87,0.62,0.54,0.54,6.4,0.56,0.88,0.138638638638639,0,0,0,0,0,0,0,0
0.223,0.003,3.87,0.62,0.54,0.54,6.4,0.56,0.88,0.139139139139139,0,0,0,0,0,0,0,0
0.223,0.003,3.87,0.62,0.54,0.54,6.4,0.56,0.88,0.13963963963964,0,0,0,0,0,0,0,0
0.223,0.003,3.87,0.62,0.54,0.54,6.4,0.56,0.88,0.14014014014014,0,0,0,0,0,0,0,0
0.223,0.003,3.87,0.62,0.54,0.54,6.4,0.56,0.88,0.140640640640641,0,0,0,0,0,0,0,0
0.223,0.003,3.87,0.62,0.54,0.54,6.4,0.56,0.88,0.141141141141141,0,0,0,0,0,0,0,0
0.223,0.003,3.87,0.62,0.54,0.54,6.4,0.56,0.88,0.141641641641642,0,0,0,0,0,0,0,0
0.223,0.003,3.87,0.62,0.54,0.54,6.4,0.56,0.88,0.142142142142142,0,0,0,0,0,0,0,0
0.223,0.003,3.87,0.62,0.54,0.54,6.4,0.56,0.88,0.142642642642643,0,0,0,0,0,0,0,0
0.223,0.003,3.87,0.62,0.54,0.54,6.4,0.56,0.88,0.143143143143143,0,0,0,0,0,0,0,0
0.223,0.003,3.87,0.62,0.54,0.54,6.4,0.56,0.88,0.143643643643644,0,0,0,0,0,0,0,0
0.223,0.003,3.87,0.62,0.54,0.54,6.4,0.56,0.88,0.144144144144144,0,0,0,0,0,0,0,0
0.223,0.003,3.87,0.62,0.54,0.54,6.4,0.56,0.88,0.144644644644645,0,0,0,0,0,0,0,0
0.223,0.003,3.87,0.62,0.54,0.54,6.4,0.56,0.88,0.145145145145145,0,0,0,0,0,0,0,0
0.223,0.003,3.87,0.62,0.54,0.54,6.4,0.56,0.88,0.145645645645646,0,0,0,0,0,0,0,0
0.223,0.003,3.87,0.62,0.54,0.54,6.4,0.56,0.88,0.146146146146146,0,0,0,0,0,0,0,0
0.223,0.003,3.87,0.62,0.54,0.54,6.4,0.56,0.88,0.146646646646647,0,0,0,0,0,0,0,0
0.223,0.003,3.87,0.62,0.54,0.54,6.4,0.56,0.88,0.147147147147147,0,0,0,0,0,0,0,0
0.223,0.003,3.87,0.62,0.54,0.54,6.4,0.56,0.88,0.147647647647648,0,0,0,0,0,0,0,0
0.223,0.003,3.87,0.62,0.54,0.54,6.4,0.56,0.88,0.148148148148148,0,0,0,0,0,0,0,0
0.223,0.003,3.87,0.62,0.54,0.54,6.4,0.56,0.88,0.148648648648649,0,0,0,0,0,0,0,0
0.223,0.003,3.87,0.62,0.54,0.54,6.4,0.56,0.88,0.149149149149149,0,0,0,0,0,0,0,0
0.223,0.003,3.87,0.62,0.54,0.54,6.4,0.56,0.88,0.14964964964965,0,0,0,0,0,0,0,0
0.223,0.003,3.87,0.62,0.54,0.54,6.4,0.56,0.88,0.15015015015015,0,0,0,0,0,0,0,0
0.223,0.003,3.87,0.62,0.54,0.54,6.4,0.56,0.88,0.150650650650651,0,0,0,0,0,0,0,0
0.223,0.003,3.87,0.62,0.54,0.54,6.4,0.56,0.88,0.151151151151151,0,0,0,0,0,0,0,0
0.223,0.003,3.87,0.62,0.54,0.54,6.4,0.56,0.88,0.151651651651652,0,0,0,0,0,0,0,0
0.223,0.003,3.87,0.62,0.54,0.54,6.4,0.56,0.88,0.152152152152152,0,0,0,0,0,0,0,0
0.223,0.003,3.87,0.62,0.54,0.54,6.4,0.56,0.88,0.152652652652653,0,0,0,0,0,0,0,0
0.223,0.003,3.87,0.62,0.54,0.54,6.4,0.56,0.88,0.153153153153153,0,0,0,0,0,0,0,0
0.223,0.003,3.87,0.62,0.54,0.54,6.4,0.56,0.88,0.153653653653654,0,0,0,0,0,0,0,0
0.223,0.003,3.87,0.62,0.54,0.54,6.4,0.56,0.88,0.154154154154154,0,0,0,0,0,0,0,0
0.223,0.003,3.87,0.62,0.54,0.54,6.4,0.56,0.88,0.154654654654655,0,0,0,0,0,0,0,0
0.223,0.003,3.87,0.62,0.54,0.54,6.4,0.56,0.88,0.155155155155155,0,0,0,0,0,0,0,0
0.223,0.003,3.87,0.62,0.54,0.54,6.4,0.56,0.88,0.155655655655656,0,0,0,0,0,0,0,0
0.223,0.003,3.87,0.62,0.54,0.54,6.4,0.56,0.88,0.156156156156156,0,0,0,0,0,0,0,0
0.223,0.003,3.87,0.62,0.54,0.54,6.4,0.56,0.88,0.156656656656657,0,0,0,0,0,0,0,0
0.223,0.003,3.87,0.62,0.54,0.54,6.4,0.56,0.88,0.157157157157157,0,0,0,0,0,0,0,0
0.223,0.003,3.87,0.62,0.54,0.54,6.4,0.56,0.88,0.157657657657658,0,0,0,0,0,0,0,0
0.223,0.003,3.87,0.62,0.54,0.54,6.4,0.56,0.88,0.158158158158158,0,0,0,0,0,0,0,0
0.223,0.003,3.87,0.62,0.54,0.54,6.4,0.56,0.88,0.158658658658659,0,0,0,0,0,0,0,0
0.223,0.003,3.87,0.62,0.54,0.54,6.4,0.56,0.88,0.159159159159159,0,0,0,0,0,0,0,0
0.223,0.003,3.87,0.62,0.54,0.54,6.4,0.56,0.88,0.15965965965966,0,0,0,0,0,0,0,0
0.223,0.003,3.87,0.62,0.54,0.54,6.4,0.56,0.88,0.16016016016016,0,0,0,0,0,0,0,0
0.223,0.003,3.87,0.62,0.54,0.54,6.4,0.56,0.88,0.160660660660661,0,0,0,0,0,0,0,0
0.223,0.003,3.87,0.62,0.54,0.54,6.4,0.56,0.88,0.161161161161161,0,0,0,0,0,0,0,0
0.223,0.003,3.87,0.62,0.54,0.54,6.4,0.56,0.88,0.161661661661662,0,0,0,0,0,0,0,0
0.223,0.003,3.87,0.62,0.54,0.54,6.4,0.56,0.88,0.162162162162162,0,0,0,0,0,0,0,0
0.223,0.003,3.87,0.62,0.54,0.54,6.4,0.56,0.88,0.162662662662663,0,0,0,0,0,0,0,0
0.223,0.003,3.87,0.62,0.54,0.54,6.4,0.56,0.88,0.163163163163163,0,0,0,0,0,0,0,0
0.223,0.003,3.87,0.62,0.54,0.54,6.4,0.56,0.88,0.163663663663664,0,0,0,0,0,0,0,0
0.223,0.003,3.87,0.62,0.54,0.54,6.4,0.56,0.88,0.164164164164164,0,0,0,0,0,0,0,0
0.223,0.003,3.87,0.62,0.54,0.54,6.4,0.56,0.88,0.164664664664665,0,0,0,0,0,0,0,0
0.223,0.003,3.87,0.62,0.54,0.54,6.4,0.56,0.88,0.165165165165165,0,0,0,0,0,0,0,0
0.223,0.003,3.87,0.62,0.54,0.54,6.4,0.56,0.88,0.165665665665666,0,0,0,0,0,0,0,0
0.223,0.003,3.87,0.62,0.54,0.54,6.4,0.56,0.88,0.166166166166166,0,0,0,0,0,0,0,0
0.223,0.003,3.87,0.62,0.54,0.54,6.4,0.56,0.88,0.166666666666667,0,0,0,0,0,0,0,0
0.223,0.003,3.87,0.62,0.54,0.54,6.4,0.56,0.88,0.167167167167167,0,0,0,0,0,0,0,0
0.223,0.003,3.87,0.62,0.54,0.54,6.4,0.56,0.88,0.167667667667668,0,0,0,0,0,0,0,0
0.223,0.003,3.87,0.62,0.54,0.54,6.4,0.56,0.88,0.168168168168168,0,0,0,0,0,0,0,0
0.223,0.003,3.87,0.62,0.54,0.54,6.4,0.56,0.88,0.168668668668669,0,0,0,0,0,0,0,0
0.223,0.003,3.87,0.62,0.54,0.54,6.4,0.56,0.88,0.169169169169169,0,0,0,0,0,0,0,0
0.223,0.003,3.87,0.62,0.54,0.54,6.4,0.56,0.88,0.16966966966967,0,0,0,0,0,0,0,0
0.223,0.003,3.87,0.62,0.54,0.54,6.4,0.56,0.88,0.17017017017017,0,0,0,0,0,0,0,0
0.223,0.003,3.87,0.62,0.54,0.54,6.4,0.56,0.88,0.170670670670671,0,0,0,0,0,0,0,0
0.223,0.003,3.87,0.62,0.54,0.54,6.4,0.56,0.88,0.171171171171171,0,0,0,0,0,0,0,0
0.223,0.003,3.87,0.62,0.54,0.54,6.4,0.56,0.88,0.171671671671672,0,0,0,0,0,0,0,0
0.223,0.003,3.87,0.62,0.54,0.54,6.4,0.56,0.88,0.172172172172172,0,0,0,0,0,0,0,0
0.223,0.003,3.87,0.62,0.54,0.54,6.4,0.56,0.88,0.172672672672673,0,0,0,0,0,0,0,0
0.223,0.003,3.87,0.62,0.54,0.54,6.4,0.56,0.88,0.173173173173173,0,0,0,0,0,0,0,0
0.223,0.003,3.87,0.62,0.54,0.54,6.4,0.56,0.88,0.173673673673674,0,0,0,0,0,0,0,0
0.223,0.003,3.87,0.62,0.54,0.54,6.4,0.56,0.88,0.174174174174174,0,0,0,0,0,0,0,0
0.223,0.003,3.87,0.62,0.54,0.54,6.4,0.56,0.88,0.174674674674675,0,0,0,0,0,0,0,0
0.223,0.003,3.87,0.62,0.54,0.54,6.4,0.56,0.88,0.175175175175175,0,0,0,0,0,0,0,0
0.223,0.003,3.87,0.62,0.54,0.54,6.4,0.56,0.88,0.175675675675676,0,0,0,0,0,0,0,0
0.223,0.003,3.87,0.62,0.54,0.54,6.4,0.56,0.88,0.176176176176176,0,0,0,0,0,0,0,0
0.223,0.003,3.87,0.62,0.54,0.54,6.4,0.56,0.88,0.176676676676677,0,0,0,0,0,0,0,0
0.223,0.003,3.87,0.62,0.54,0.54,6.4,0.56,0.88,0.177177177177177,0,0,0,0,0,0,0,0
0.223,0.003,3.87,0.62,0.54,0.54,6.4,0.56,0.88,0.177677677677678,0,0,0,0,0,0,0,0
0.223,0.003,3.87,0.62,0.54,0.54,6.4,0.56,0.88,0.178178178178178,0,0,0,0,0,0,0,0
0.223,0.003,3.87,0.62,0.54,0.54,6.4,0.56,0.88,0.178678678678679,0,0,0,0,0,0,0,0
0.223,0.003,3.87,0.62,0.54,0.54,6.4,0.56,0.88,0.179179179179179,0,0,0,0,0,0,0,0
0.223,0.003,3.87,0.62,0.54,0.54,6.4,0.56,0.88,0.17967967967968,0,0,0,0,0,0,0,0
0.223,0.003,3.87,0.62,0.54,0.54,6.4,0.56,0.88,0.18018018018018,0,0,0,0,0,0,0,0
0.223,0.003,3.87,0.62,0.54,0.54,6.4,0.56,0.88,0.180680680680681,0,0,0,0,0,0,0,0
0.223,0.003,3.87,0.62,0.54,0.54,6.4,0.56,0.88,0.181181181181181,0,0,0,0,0,0,0,0
0.223,0.003,3.87,0.62,0.54,0.54,6.4,0.56,0.88,0.181681681681682,0,0,0,0,0,0,0,0
0.223,0.003,3.87,0.62,0.54,0.54,6.4,0.56,0.88,0.182182182182182,0,0,0,0,0,0,0,0
0.223,0.003,3.87,0.62,0.54,0.54,6.4,0.56,0.88,0.182682682682683,0,0,0,0,0,0,0,0
0.223,0.003,3.87,0.62,0.54,0.54,6.4,0.56,0.88,0.183183183183183,0,0,0,0,0,0,0,0
0.223,0.003,3.87,0.62,0.54,0.54,6.4,0.56,0.88,0.183683683683684,0,0,0,0,0,0,0,0
0.223,0.003,3.87,0.62,0.54,0.54,6.4,0.56,0.88,0.184184184184184,0,0,0,0,0,0,0,0
0.223,0.003,3.87,0.62,0.54,0.54,6.4,0.56,0.88,0.184684684684685,0,0,0,0,0,0,0,0
0.223,0.003,3.87,0.62,0.54,0.54,6.4,0.56,0.88,0.185185185185185,0,0,0,0,0,0,0,0
0.223,0.003,3.87,0.62,0.54,0.54,6.4,0.56,0.88,0.185685685685686,0,0,0,0,0,0,0,0
0.223,0.003,3.87,0.62,0.54,0.54,6.4,0.56,0.88,0.186186186186186,0,0,0,0,0,0,0,0
0.223,0.003,3.87,0.62,0.54,0.54,6.4,0.56,0.88,0.186686686686687,0,0,0,0,0,0,0,0
0.223,0.003,3.87,0.62,0.54,0.54,6.4,0.56,0.88,0.187187187187187,0,0,0,0,0,0,0,0
0.223,0.003,3.87,0.62,0.54,0.54,6.4,0.56,0.88,0.187687687687688,0,0,0,0,0,0,0,0
0.223,0.003,3.87,0.62,0.54,0.54,6.4,0.56,0.88,0.188188188188188,0,0,0,0,0,0,0,0
0.223,0.003,3.87,0.62,0.54,0.54,6.4,0.56,0.88,0.188688688688689,0,0,0,0,0,0,0,0
0.223,0.003,3.87,0.62,0.54,0.54,6.4,0.56,0.88,0.189189189189189,0,0,0,0,0,0,0,0
0.223,0.003,3.87,0.62,0.54,0.54,6.4,0.56,0.88,0.18968968968969,0,0,0,0,0,0,0,0
0.223,0.003,3.87,0.62,0.54,0.54,6.4,0.56,0.88,0.19019019019019,0,0,0,0,0,0,0,0
0.223,0.003,3.87,0.62,0.54,0.54,6.4,0.56,0.88,0.190690690690691,0,0,0,0,0,0,0,0
0.223,0.003,3.87,0.62,0.54,0.54,6.4,0.56,0.88,0.191191191191191,0,0,0,0,0,0,0,0
0.223,0.003,3.87,0.62,0.54,0.54,6.4,0.56,0.88,0.191691691691692,0,0,0,0,0,0,0,0
0.223,0.003,3.87,0.62,0.54,0.54,6.4,0.56,0.88,0.192192192192192,0,0,0,0,0,0,0,0
0.223,0.003,3.87,0.62,0.54,0.54,6.4,0.56,0.88,0.192692692692693,0,0,0,0,0,0,0,0
0.223,0.003,3.87,0.62,0.54,0.54,6.4,0.56,0.88,0.193193193193193,0,0,0,0,0,0,0,0
0.223,0.003,3.87,0.62,0.54,0.54,6.4,0.56,0.88,0.193693693693694,0,0,0,0,0,0,0,0
0.223,0.003,3.87,0.62,0.54,0.54,6.4,0.56,0.88,0.194194194194194,0,0,0,0,0,0,0,0
0.223,0.003,3.87,0.62,0.54,0.54,6.4,0.56,0.88,0.194694694694695,0,0,0,0,0,0,0,0
0.223,0.003,3.87,0.62,0.54,0.54,6.4,0.56,0.88,0.195195195195195,0,0,0,0,0,0,0,0
0.223,0.003,3.87,0.62,0.54,0.54,6.4,0.56,0.88,0.195695695695696,0,0,0,0,0,0,0,0
0.223,0.003,3.87,0.62,0.54,0.54,6.4,0.56,0.88,0.196196196196196,0,0,0,0,0,0,0,0
0.223,0.003,3.87,0.62,0.54,0.54,6.4,0.56,0.88,0.196696696696697,0,0,0,0,0,0,0,0
0.223,0.003,3.87,0.62,0.54,0.54,6.4,0.56,0.88,0.197197197197197,0,0,0,0,0,0,0,0
0.223,0.003,3.87,0.62,0.54,0.54,6.4,0.56,0.88,0.197697697697698,0,0,0,0,0,0,0,0
0.223,0.003,3.87,0.62,0.54,0.54,6.4,0.56,0.88,0.198198198198198,0,0,0,0,0,0,0,0
0.223,0.003,3.87,0.62,0.54,0.54,6.4,0.56,0.88,0.198698698698699,0,0,0,0,0,0,0,0
0.223,0.003,3.87,0.62,0.54,0.54,6.4,0.56,0.88,0.199199199199199,0,0,0,0,0,0,0,0
0.223,0.003,3.87,0.62,0.54,0.54,6.4,0.56,0.88,0.1996996996997,0,0,0,0,0,0,0,0
0.223,0.003,3.87,0.62,0.54,0.54,6.4,0.56,0.88,0.2002002002002,0,0,0,0,0,0,0,0
0.223,0.003,3.87,0.62,0.54,0.54,6.4,0.56,0.88,0.200700700700701,0,0,0,0,0,0,0,0
0.223,0.003,3.87,0.62,0.54,0.54,6.4,0.56,0.88,0.201201201201201,0,0,0,0,0,0,0,0
0.223,0.003,3.87,0.62,0.54,0.54,6.4,0.56,0.88,0.201701701701702,0,0,0,0,0,0,0,0
0.223,0.003,3.87,0.62,0.54,0.54,6.4,0.56,0.88,0.202202202202202,0,0,0,0,0,0,0,0
0.223,0.003,3.87,0.62,0.54,0.54,6.4,0.56,0.88,0.202702702702703,0,0,0,0,0,0,0,0
0.223,0.003,3.87,0.62,0.54,0.54,6.4,0.56,0.88,0.203203203203203,0,0,0,0,0,0,0,0
0.223,0.003,3.87,0.62,0.54,0.54,6.4,0.56,0.88,0.203703703703704,0,0,0,0,0,0,0,0
0.223,0.003,3.87,0.62,0.54,0.54,6.4,0.56,0.88,0.204204204204204,0,0,0,0,0,0,0,0
0.223,0.003,3.87,0.62,0.54,0.54,6.4,0.56,0.88,0.204704704704705,0,0,0,0,0,0,0,0
0.223,0.003,3.87,0.62,0.54,0.54,6.4,0.56,0.88,0.205205205205205,0,0,0,0,0,0,0,0
0.223,0.003,3.87,0.62,0.54,0.54,6.4,0.56,0.88,0.205705705705706,0,0,0,0,0,0,0,0
0.223,0.003,3.87,0.62,0.54,0.54,6.4,0.56,0.88,0.206206206206206,0,0,0,0,0,0,0,0
0.223,0.003,3.87,0.62,0.54,0.54,6.4,0.56,0.88,0.206706706706707,0,0,0,0,0,0,0,0
0.223,0.003,3.87,0.62,0.54,0.54,6.4,0.56,0.88,0.207207207207207,0,0,0,0,0,0,0,0
0.223,0.003,3.87,0.62,0.54,0.54,6.4,0.56,0.88,0.207707707707708,0,0,0,0,0,0,0,0
0.223,0.003,3.87,0.62,0.54,0.54,6.4,0.56,0.88,0.208208208208208,0,0,0,0,0,0,0,0
0.223,0.003,3.87,0.62,0.54,0.54,6.4,0.56,0.88,0.208708708708709,0,0,0,0,0,0,0,0
0.223,0.003,3.87,0.62,0.54,0.54,6.4,0.56,0.88,0.209209209209209,0,0,0,0,0,0,0,0
0.223,0.003,3.87,0.62,0.54,0.54,6.4,0.56,0.88,0.20970970970971,0,0,0,0,0,0,0,0
0.223,0.003,3.87,0.62,0.54,0.54,6.4,0.56,0.88,0.21021021021021,0,0,0,0,0,0,0,0
0.223,0.003,3.87,0.62,0.54,0.54,6.4,0.56,0.88,0.210710710710711,0,0,0,0,0,0,0,0
0.223,0.003,3.87,0.62,0.54,0.54,6.4,0.56,0.88,0.211211211211211,0,0,0,0,0,0,0,0
0.223,0.003,3.87,0.62,0.54,0.54,6.4,0.56,0.88,0.211711711711712,0,0,0,0,0,0,0,0
0.223,0.003,3.87,0.62,0.54,0.54,6.4,0.56,0.88,0.212212212212212,0,0,0,0,0,0,0,0
0.223,0.003,3.87,0.62,0.54,0.54,6.4,0.56,0.88,0.212712712712713,0,0,0,0,0,0,0,0
0.223,0.003,3.87,0.62,0.54,0.54,6.4,0.56,0.88,0.213213213213213,0,0,0,0,0,0,0,0
0.223,0.003,3.87,0.62,0.54,0.54,6.4,0.56,0.88,0.213713713713714,0,0,0,0,0,0,0,0
0.223,0.003,3.87,0.62,0.54,0.54,6.4,0.56,0.88,0.214214214214214,0,0,0,0,0,0,0,0
0.223,0.003,3.87,0.62,0.54,0.54,6.4,0.56,0.88,0.214714714714715,0,0,0,0,0,0,0,0
0.223,0.003,3.87,0.62,0.54,0.54,6.4,0.56,0.88,0.215215215215215,0,0,0,0,0,0,0,0
0.223,0.003,3.87,0.62,0.54,0.54,6.4,0.56,0.88,0.215715715715716,0,0,0,0,0,0,0,0
0.223,0.003,3.87,0.62,0.54,0.54,6.4,0.56,0.88,0.216216216216216,0,0,0,0,0,0,0,0
0.223,0.003,3.87,0.62,0.54,0.54,6.4,0.56,0.88,0.216716716716717,0,0,0,0,0,0,0,0
0.223,0.003,3.87,0.62,0.54,0.54,6.4,0.56,0.88,0.217217217217217,0,0,0,0,0,0,0,0
0.223,0.003,3.87,0.62,0.54,0.54,6.4,0.56,0.88,0.217717717717718,0,0,0,0,0,0,0,0
0.223,0.003,3.87,0.62,0.54,0.54,6.4,0.56,0.88,0.218218218218218,0,0,0,0,0,0,0,0
0.223,0.003,3.87,0.62,0.54,0.54,6.4,0.56,0.88,0.218718718718719,0,0,0,0,0,0,0,0
0.223,0.003,3.87,0.62,0.54,0.54,6.4,0.56,0.88,0.219219219219219,0,0,0,0,0,0,0,0
0.223,0.003,3.87,0.62,0.54,0.54,6.4,0.56,0.88,0.21971971971972,0,0,0,0,0,0,0,0
0.223,0.003,3.87,0.62,0.54,0.54,6.4,0.56,0.88,0.22022022022022,0,0,0,0,0,0,0,0
0.223,0.003,3.87,0.62,0.54,0.54,6.4,0.56,0.88,0.220720720720721,0,0,0,0,0,0,0,0
0.223,0.003,3.87,0.62,0.54,0.54,6.4,0.56,0.88,0.221221221221221,0,0,0,0,0,0,0,0
0.223,0.003,3.87,0.62,0.54,0.54,6.4,0.56,0.88,0.221721721721722,0,0,0,0,0,0,0,0
0.223,0.003,3.87,0.62,0.54,0.54,6.4,0.56,0.88,0.222222222222222,0.0475870367643441,-0.16125,-0.0258333333333333,-0.805372187836079,0.86314347249756,-0.266666666666667,-0.0233333333333333,-0.0366666666666333
0.223,0.003,3.87,0.62,0.54,0.54,6.4,0.56,0.88,0.222722722722723,0.0476369452530115,-0.16125,-0.0258333333333333,-0.80632915170217,0.864070611989418,-0.266666666666667,-0.0233333333333333,-0.0366666666666333
0.223,0.003,3.87,0.62,0.54,0.54,6.4,0.56,0.88,0.223223223223223,0.0476868537416856,-0.16125,-0.0258333333333333,-0.807286115568259,0.864997751481268,-0.266666666666667,-0.0233333333333333,-0.0366666666666333
0.223,0.003,3.87,0.62,0.54,0.54,6.4,0.56,0.88,0.223723723723724,0.047736762230329,-0.16125,-0.0258333333333333,-0.808243079434355,0.865924890973153,-0.266666666666667,-0.0233333333333333,-0.0366666666666333
0.223,0.003,3.87,0.62,0.54,0.54,6.4,0.56,0.88,0.224224224224224,0,0,0,0,0,0,0,0
0.223,0.003,3.87,0.62,0.54,0.54,6.4,0.56,0.88,0.224724724724725,0,0,0,0,0,0,0,0
0.223,0.003,3.87,0.62,0.54,0.54,6.4,0.56,0.88,0.225225225225225,0,0,0,0,0,0,0,0
0.223,0.003,3.87,0.62,0.54,0.54,6.4,0.56,0.88,0.225725725725726,0,0,0,0,0,0,0,0
0.223,0.003,3.87,0.62,0.54,0.54,6.4,0.56,0.88,0.226226226226226,0,0,0,0,0,0,0,0
0.223,0.003,3.87,0.62,0.54,0.54,6.4,0.56,0.88,0.226726726726727,0,0,0,0,0,0,0,0
0.223,0.003,3.87,0.62,0.54,0.54,6.4,0.56,0.88,0.227227227227227,0,0,0,0,0,0,0,0
0.223,0.003,3.87,0.62,0.54,0.54,6.4,0.56,0.88,0.227727727727728,0,0,0,0,0,0,0,0
0.223,0.003,3.87,0.62,0.54,0.54,6.4,0.56,0.88,0.228228228228228,0,0,0,0,0,0,0,0
0.223,0.003,3.87,0.62,0.54,0.54,6.4,0.56,0.88,0.228728728728729,0,0,0,0,0,0,0,0
0.223,0.003,3.87,0.62,0.54,0.54,6.4,0.56,0.88,0.229229229229229,0,0,0,0,0,0,0,0
0.223,0.003,3.87,0.62,0.54,0.54,6.4,0.56,0.88,0.22972972972973,0,0,0,0,0,0,0,0
0.223,0.003,3.87,0.62,0.54,0.54,6.4,0.56,0.88,0.23023023023023,0,0,0,0,0,0,0,0
0.223,0.003,3.87,0.62,0.54,0.54,6.4,0.56,0.88,0.230730730730731,0,0,0,0,0,0,0,0
0.223,0.003,3.87,0.62,0.54,0.54,6.4,0.56,0.88,0.231231231231231,0,0,0,0,0,0,0,0
0.223,0.003,3.87,0.62,0.54,0.54,6.4,0.56,0.88,0.231731731731732,0,0,0,0,0,0,0,0
0.223,0.003,3.87,0.62,0.54,0.54,6.4,0.56,0.88,0.232232232232232,0,0,0,0,0,0,0,0
0.223,0.003,3.87,0.62,0.54,0.54,6.4,0.56,0.88,0.232732732732733,0,0,0,0,0,0,0,0
0.223,0.003,3.87,0.62,0.54,0.54,6.4,0.56,0.88,0.233233233233233,0,0,0,0,0,0,0,0
0.223,0.003,3.87,0.62,0.54,0.54,6.4,0.56,0.88,0.233733733733734,0,0,0,0,0,0,0,0
0.223,0.003,3.87,0.62,0.54,0.54,6.4,0.56,0.88,0.234234234234234,0,0,0,0,0,0,0,0
0.223,0.003,3.87,0.62,0.54,0.54,6.4,0.56,0.88,0.234734734734735,0,0,0,0,0,0,0,0
0.223,0.003,3.87,0.62,0.54,0.54,6.4,0.56,0.88,0.235235235235235,0,0,0,0,0,0,0,0
0.223,0.003,3.87,0.62,0.54,0.54,6.4,0.56,0.88,0.235735735735736,0,0,0,0,0,0,0,0
0.223,0.003,3.87,0.62,0.54,0.54,6.4,0.56,0.88,0.236236236236236,0,0,0,0,0,0,0,0
0.223,0.003,3.87,0.62,0.54,0.54,6.4,0.56,0.88,0.236736736736737,0,0,0,0,0,0,0,0
0.223,0.003,3.87,0.62,0.54,0.54,6.4,0.56,0.88,0.237237237237237,0,0,0,0,0,0,0,0
0.223,0.003,3.87,0.62,0.54,0.54,6.4,0.56,0.88,0.237737737737738,0,0,0,0,0,0,0,0
0.223,0.003,3.87,0.62,0.54,0.54,6.4,0.56,0.88,0.238238238238238,0,0,0,0,0,0,0,0
0.223,0.003,3.87,0.62,0.54,0.54,6.4,0.56,0.88,0.238738738738739,0,0,0,0,0,0,0,0
0.223,0.003,3.87,0.62,0.54,0.54,6.4,0.56,0.88,0.239239239239239,0,0,0,0,0,0,0,0
0.223,0.003,3.87,0.62,0.54,0.54,6.4,0.56,0.88,0.23973973973974,0,0,0,0,0,0,0,0
0.223,0.003,3.87,0.62,0.54,0.54,6.4,0.56,0.88,0.24024024024024,0,0,0,0,0,0,0,0
0.223,0.003,3.87,0.62,0.54,0.54,6.4,0.56,0.88,0.240740740740741,0,0,0,0,0,0,0,0
0.223,0.003,3.87,0.62,0.54,0.54,6.4,0.56,0.88,0.241241241241241,0,0,0,0,0,0,0,0
0.223,0.003,3.87,0.62,0.54,0.54,6.4,0.56,0.88,0.241741741741742,0,0,0,0,0,0,0,0
0.223,0.003,3.87,0.62,0.54,0.54,6.4,0.56,0.88,0.242242242242242,0,0,0,0,0,0,0,0
0.223,0.003,3.87,0.62,0.54,0.54,6.4,0.56,0.88,0.242742742742743,0,0,0,0,0,0,0,0
0.223,0.003,3.87,0.62,0.54,0.54,6.4,0.56,0.88,0.243243243243243,0,0,0,0,0,0,0,0
0.223,0.003,3.87,0.62,0.54,0.54,6.4,0.56,0.88,0.243743743743744,0,0,0,0,0,0,0,0
0.223,0.003,3.87,0.62,0.54,0.54,6.4,0.56,0.88,0.244244244244244,0,0,0,0,0,0,0,0
0.223,0.003,3.87,0.62,0.54,0.54,6.4,0.56,0.88,0.244744744744745,0,0,0,0,0,0,0,0
0.223,0.003,3.87,0.62,0.54,0.54,6.4,0.56,0.88,0.245245245245245,0,0,0,0,0,0,0,0
0.223,0.003,3.87,0.62,0.54,0.54,6.4,0.56,0.88,0.245745745745746,0,0,0,0,0,0,0,0
0.223,0.003,3.87,0.62,0.54,0.54,6.4,0.56,0.88,0.246246246246246,0,0,0,0,0,0,0,0
0.223,0.003,3.87,0.62,0.54,0.54,6.4,0.56,0.88,0.246746746746747,0,0,0,0,0,0,0,0
0.223,0.003,3.87,0.62,0.54,0.54,6.4,0.56,0.88,0.247247247247247,0,0,0,0,0,0,0,0
0.223,0.003,3.87,0.62,0.54,0.54,6.4,0.56,0.88,0.247747747747748,0,0,0,0,0,0,0,0
0.223,0.003,3.87,0.62,0.54,0.54,6.4,0.56,0.88,0.248248248248248,0,0,0,0,0,0,0,0
0.223,0.003,3.87,0.62,0.54,0.54,6.4,0.56,0.88,0.248748748748749,0,0,0,0,0,0,0,0
0.223,0.003,3.87,0.62,0.54,0.54,6.4,0.56,0.88,0.249249249249249,0,0,0,0,0,0,0,0
0.223,0.003,3.87,0.62,0.54,0.54,6.4,0.56,0.88,0.24974974974975,0,0,0,0,0,0,0,0
0.223,0.003,3.87,0.62,0.54,0.54,6.4,0.56,0.88,0.25025025025025,0,0,0,0,0,0,0,0
0.223,0.003,3.87,0.62,0.54,0.54,6.4,0.56,0.88,0.250750750750751,0,0,0,0,0,0,0,0
0.223,0.003,3.87,0.62,0.54,0.54,6.4,0.56,0.88,0.251251251251251,0,0,0,0,0,0,0,0
0.223,0.003,3.87,0.62,0.54,0.54,6.4,0.56,0.88,0.251751751751752,0,0,0,0,0,0,0,0
0.223,0.003,3.87,0.62,0.54,0.54,6.4,0.56,0.88,0.252252252252252,0,0,0,0,0,0,0,0
0.223,0.003,3.87,0.62,0.54,0.54,6.4,0.56,0.88,0.252752752752753,0,0,0,0,0,0,0,0
0.223,0.003,3.87,0.62,0.54,0.54,6.4,0.56,0.88,0.253253253253253,0,0,0,0,0,0,0,0
0.223,0.003,3.87,0.62,0.54,0.54,6.4,0.56,0.88,0.253753753753754,0,0,0,0,0,0,0,0
0.223,0.003,3.87,0.62,0.54,0.54,6.4,0.56,0.88,0.254254254254254,0,0,0,0,0,0,0,0
0.223,0.003,3.87,0.62,0.54,0.54,6.4,0.56,0.88,0.254754754754755,0,0,0,0,0,0,0,0
0.223,0.003,3.87,0.62,0.54,0.54,6.4,0.56,0.88,0.255255255255255,0,0,0,0,0,0,0,0
0.223,0.003,3.87,0.62,0.54,0.54,6.4,0.56,0.88,0.255755755755756,0,0,0,0,0,0,0,0
0.223,0.003,3.87,0.62,0.54,0.54,6.4,0.56,0.88,0.256256256256256,0,0,0,0,0,0,0,0
0.223,0.003,3.87,0.62,0.54,0.54,6.4,0.56,0.88,0.256756756756757,0,0,0,0,0,0,0,0
0.223,0.003,3.87,0.62,0.54,0.54,6.4,0.56,0.88,0.257257257257257,0,0,0,0,0,0,0,0
0.223,0.003,3.87,0.62,0.54,0.54,6.4,0.56,0.88,0.257757757757758,0,0,0,0,0,0,0,0
0.223,0.003,3.87,0.62,0.54,0.54,6.4,0.56,0.88,0.258258258258258,0,0,0,0,0,0,0,0
0.223,0.003,3.87,0.62,0.54,0.54,6.4,0.56,0.88,0.258758758758759,0,0,0,0,0,0,0,0
0.223,0.003,3.87,0.62,0.54,0.54,6.4,0.56,0.88,0.259259259259259,0,0,0,0,0,0,0,0
0.223,0.003,3.87,0.62,0.54,0.54,6.4,0.56,0.88,0.25975975975976,0,0,0,0,0,0,0,0
0.223,0.003,3.87,0.62,0.54,0.54,6.4,0.56,0.88,0.26026026026026,0,0,0,0,0,0,0,0
0.223,0.003,3.87,0.62,0.54,0.54,6.4,0.56,0.88,0.260760760760761,0,0,0,0,0,0,0,0
0.223,0.003,3.87,0.62,0.54,0.54,6.4,0.56,0.88,0.261261261261261,0,0,0,0,0,0,0,0
0.223,0.003,3.87,0.62,0.54,0.54,6.4,0.56,0.88,0.261761761761762,0,0,0,0,0,0,0,0
0.223,0.003,3.87,0.62,0.54,0.54,6.4,0.56,0.88,0.262262262262262,0,0,0,0,0,0,0,0
0.223,0.003,3.87,0.62,0.54,0.54,6.4,0.56,0.88,0.262762762762763,0,0,0,0,0,0,0,0
0.223,0.003,3.87,0.62,0.54,0.54,6.4,0.56,0.88,0.263263263263263,0,0,0,0,0,0,0,0
0.223,0.003,3.87,0.62,0.54,0.54,6.4,0.56,0.88,0.263763763763764,0,0,0,0,0,0,0,0
0.223,0.003,3.87,0.62,0.54,0.54,6.4,0.56,0.88,0.264264264264264,0,0,0,0,0,0,0,0
0.223,0.003,3.87,0.62,0.54,0.54,6.4,0.56,0.88,0.264764764764765,0,0,0,0,0,0,0,0
0.223,0.003,3.87,0.62,0.54,0.54,6.4,0.56,0.88,0.265265265265265,0,0,0,0,0,0,0,0
0.223,0.003,3.87,0.62,0.54,0.54,6.4,0.56,0.88,0.265765765765766,0,0,0,0,0,0,0,0
0.223,0.003,3.87,0.62,0.54,0.54,6.4,0.56,0.88,0.266266266266266,0,0,0,0,0,0,0,0
0.223,0.003,3.87,0.62,0.54,0.54,6.4,0.56,0.88,0.266766766766767,0,0,0,0,0,0,0,0
0.223,0.003,3.87,0.62,0.54,0.54,6.4,0.56,0.88,0.267267267267267,0,0,0,0,0,0,0,0
0.223,0.003,3.87,0.62,0.54,0.54,6.4,0.56,0.88,0.267767767767768,0,0,0,0,0,0,0,0
0.223,0.003,3.87,0.62,0.54,0.54,6.4,0.56,0.88,0.268268268268268,0,0,0,0,0,0,0,0
0.223,0.003,3.87,0.62,0.54,0.54,6.4,0.56,0.88,0.268768768768769,0,0,0,0,0,0,0,0
0.223,0.003,3.87,0.62,0.54,0.54,6.4,0.56,0.88,0.269269269269269,0,0,0,0,0,0,0,0
0.223,0.003,3.87,0.62,0.54,0.54,6.4,0.56,0.88,0.26976976976977,0,0,0,0,0,0,0,0
0.223,0.003,3.87,0.62,0.54,0.54,6.4,0.56,0.88,0.27027027027027,0,0,0,0,0,0,0,0
0.223,0.003,3.87,0.62,0.54,0.54,6.4,0.56,0.88,0.270770770770771,0,0,0,0,0,0,0,0
0.223,0.003,3.87,0.62,0.54,0.54,6.4,0.56,0.88,0.271271271271271,0,0,0,0,0,0,0,0
0.223,0.003,3.87,0.62,0.54,0.54,6.4,0.56,0.88,0.271771771771772,0,0,0,0,0,0,0,0
0.223,0.003,3.87,0.62,0.54,0.54,6.4,0.56,0.88,0.272272272272272,0,0,0,0,0,0,0,0
0.223,0.003,3.87,0.62,0.54,0.54,6.4,0.56,0.88,0.272772772772773,0,0,0,0,0,0,0,0
0.223,0.003,3.87,0.62,0.54,0.54,6.4,0.56,0.88,0.273273273273273,0,0,0,0,0,0,0,0
0.223,0.003,3.87,0.62,0.54,0.54,6.4,0.56,0.88,0.273773773773774,0,0,0,0,0,0,0,0
0.223,0.003,3.87,0.62,0.54,0.54,6.4,0.56,0.88,0.274274274274274,0,0,0,0,0,0,0,0
0.223,0.003,3.87,0.62,0.54,0.54,6.4,0.56,0.88,0.274774774774775,0,0,0,0,0,0,0,0
0.223,0.003,3.87,0.62,0.54,0.54,6.4,0.56,0.88,0.275275275275275,0,0,0,0,0,0,0,0
0.223,0.003,3.87,0.62,0.54,0.54,6.4,0.56,0.88,0.275775775775776,0,0,0,0,0,0,0,0
0.223,0.003,3.87,0.62,0.54,0.54,6.4,0.56,0.88,0.276276276276276,0,0,0,0,0,0,0,0
0.223,0.003,3.87,0.62,0.54,0.54,6.4,0.56,0.88,0.276776776776777,0,0,0,0,0,0,0,0
0.223,0.003,3.87,0.62,0.54,0.54,6.4,0.56,0.88,0.277277277277277,0,0,0,0,0,0,0,0
0.223,0.003,3.87,0.62,0.54,0.54,6.4,0.56,0.88,0.277777777777778,0,0,0,0,0,0,0,0
0.223,0.003,3.87,0.62,0.54,0.54,6.4,0.56,0.88,0.278278278278278,0,0,0,0,0,0,0,0
0.223,0.003,3.87,0.62,0.54,0.54,6.4,0.56,0.88,0.278778778778779,0,0,0,0,0,0,0,0
0.223,0.003,3.87,0.62,0.54,0.54,6.4,0.56,0.88,0.279279279279279,0,0,0,0,0,0,0,0
0.223,0.003,3.87,0.62,0.54,0.54,6.4,0.56,0.88,0.27977977977978,0,0,0,0,0,0,0,0
0.223,0.003,3.87,0.62,0.54,0.54,6.4,0.56,0.88,0.28028028028028,0,0,0,0,0,0,0,0
0.223,0.003,3.87,0.62,0.54,0.54,6.4,0.56,0.88,0.280780780780781,0,0,0,0,0,0,0,0
0.223,0.003,3.87,0.62,0.54,0.54,6.4,0.56,0.88,0.281281281281281,0,0,0,0,0,0,0,0
0.223,0.003,3.87,0.62,0.54,0.54,6.4,0.56,0.88,0.281781781781782,0,0,0,0,0,0,0,0
0.223,0.003,3.87,0.62,0.54,0.54,6.4,0.56,0.88,0.282282282282282,0,0,0,0,0,0,0,0
0.223,0.003,3.87,0.62,0.54,0.54,6.4,0.56,0.88,0.282782782782783,0,0,0,0,0,0,0,0
0.223,0.003,3.87,0.62,0.54,0.54,6.4,0.56,0.88,0.283283283283283,0,0,0,0,0,0,0,0
0.223,0.003,3.87,0.62,0.54,0.54,6.4,0.56,0.88,0.283783783783784,0,0,0,0,0,0,0,0
0.223,0.003,3.87,0.62,0.54,0.54,6.4,0.56,0.88,0.284284284284284,0,0,0,0,0,0,0,0
0.223,0.003,3.87,0.62,0.54,0.54,6.4,0.56,0.88,0.284784784784785,0,0,0,0,0,0,0,0
0.223,0.003,3.87,0.62,0.54,0.54,6.4,0.56,0.88,0.285285285285285,0,0,0,0,0,0,0,0
0.223,0.003,3.87,0.62,0.54,0.54,6.4,0.56,0.88,0.285785785785786,0,0,0,0,0,0,0,0
0.223,0.003,3.87,0.62,0.54,0.54,6.4,0.56,0.88,0.286286286286286,0,0,0,0,0,0,0,0
0.223,0.003,3.87,0.62,0.54,0.54,6.4,0.56,0.88,0.286786786786787,0,0,0,0,0,0,0,0
0.223,0.003,3.87,0.62,0.54,0.54,6.4,0.56,0.88,0.287287287287287,0,0,0,0,0,0,0,0
0.223,0.003,3.87,0.62,0.54,0.54,6.4,0.56,0.88,0.287787787787788,0,0,0,0,0,0,0,0
0.223,0.003,3.87,0.62,0.54,0.54,6.4,0.56,0.88,0.288288288288288,0,0,0,0,0,0,0,0
0.223,0.003,3.87,0.62,0.54,0.54,6.4,0.56,0.88,0.288788788788789,0,0,0,0,0,0,0,0
0.223,0.003,3.87,0.62,0.54,0.54,6.4,0.56,0.88,0.289289289289289,0,0,0,0,0,0,0,0
0.223,0.003,3.87,0.62,0.54,0.54,6.4,0.56,0.88,0.28978978978979,0,0,0,0,0,0,0,0
0.223,0.003,3.87,0.62,0.54,0.54,6.4,0.56,0.88,0.29029029029029,0,0,0,0,0,0,0,0
0.223,0.003,3.87,0.62,0.54,0.54,6.4,0.56,0.88,0.290790790790791,0,0,0,0,0,0,0,0
0.223,0.003,3.87,0.62,0.54,0.54,6.4,0.56,0.88,0.291291291291291,0,0,0,0,0,0,0,0
0.223,0.003,3.87,0.62,0.54,0.54,6.4,0.56,0.88,0.291791791791792,0,0,0,0,0,0,0,0
0.223,0.003,3.87,0.62,0.54,0.54,6.4,0.56,0.88,0.292292292292292,0,0,0,0,0,0,0,0
0.223,0.003,3.87,0.62,0.54,0.54,6.4,0.56,0.88,0.292792792792793,0,0,0,0,0,0,0,0
0.223,0.003,3.87,0.62,0.54,0.54,6.4,0.56,0.88,0.293293293293293,0,0,0,0,0,0,0,0
0.223,0.003,3.87,0.62,0.54,0.54,6.4,0.56,0.88,0.293793793793794,0,0,0,0,0,0,0,0
0.223,0.003,3.87,0.62,0.54,0.54,6.4,0.56,0.88,0.294294294294294,0,0,0,0,0,0,0,0
0.223,0.003,3.87,0.62,0.54,0.54,6.4,0.56,0.88,0.294794794794795,0,0,0,0,0,0,0,0
0.223,0.003,3.87,0.62,0.54,0.54,6.4,0.56,0.88,0.295295295295295,0,0,0,0,0,0,0,0
0.223,0.003,3.87,0.62,0.54,0.54,6.4,0.56,0.88,0.295795795795796,0,0,0,0,0,0,0,0
0.223,0.003,3.87,0.62,0.54,0.54,6.4,0.56,0.88,0.296296296296296,0,0,0,0,0,0,0,0
0.223,0.003,3.87,0.62,0.54,0.54,6.4,0.56,0.88,0.296796796796797,0,0,0,0,0,0,0,0
0.223,0.003,3.87,0.62,0.54,0.54,6.4,0.56,0.88,0.297297297297297,0,0,0,0,0,0,0,0
0.223,0.003,3.87,0.62,0.54,0.54,6.4,0.56,0.88,0.297797797797798,0,0,0,0,0,0,0,0
0.223,0.003,3.87,0.62,0.54,0.54,6.4,0.56,0.88,0.298298298298298,0,0,0,0,0,0,0,0
0.223,0.003,3.87,0.62,0.54,0.54,6.4,0.56,0.88,0.298798798798799,0,0,0,0,0,0,0,0
0.223,0.003,3.87,0.62,0.54,0.54,6.4,0.56,0.88,0.299299299299299,0,0,0,0,0,0,0,0
0.223,0.003,3.87,0.62,0.54,0.54,6.4,0.56,0.88,0.2997997997998,0,0,0,0,0,0,0,0
0.223,0.003,3.87,0.62,0.54,0.54,6.4,0.56,0.88,0.3003003003003,0,0,0,0,0,0,0,0
0.223,0.003,3.87,0.62,0.54,0.54,6.4,0.56,0.88,0.300800800800801,0,0,0,0,0,0,0,0
0.223,0.003,3.87,0.62,0.54,0.54,6.4,0.56,0.88,0.301301301301301,0,0,0,0,0,0,0,0
0.223,0.003,3.87,0.62,0.54,0.54,6.4,0.56,0.88,0.301801801801802,0,0,0,0,0,0,0,0
0.223,0.003,3.87,0.62,0.54,0.54,6.4,0.56,0.88,0.302302302302302,0,0,0,0,0,0,0,0
0.223,0.003,3.87,0.62,0.54,0.54,6.4,0.56,0.88,0.302802802802803,0,0,0,0,0,0,0,0
0.223,0.003,3.87,0.62,0.54,0.54,6.4,0.56,0.88,0.303303303303303,0,0,0,0,0,0,0,0
0.223,0.003,3.87,0.62,0.54,0.54,6.4,0.56,0.88,0.303803803803804,0,0,0,0,0,0,0,0
0.223,0.003,3.87,0.62,0.54,0.54,6.4,0.56,0.88,0.304304304304304,0,0,0,0,0,0,0,0
0.223,0.003,3.87,0.62,0.54,0.54,6.4,0.56,0.88,0.304804804804805,0,0,0,0,0,0,0,0
0.223,0.003,3.87,0.62,0.54,0.54,6.4,0.56,0.88,0.305305305305305,0,0,0,0,0,0,0,0
0.223,0.003,3.87,0.62,0.54,0.54,6.4,0.56,0.88,0.305805805805806,0,0,0,0,0,0,0,0
0.223,0.003,3.87,0.62,0.54,0.54,6.4,0.56,0.88,0.306306306306306,0,0,0,0,0,0,0,0
0.223,0.003,3.87,0.62,0.54,0.54,6.4,0.56,0.88,0.306806806806807,0,0,0,0,0,0,0,0
0.223,0.003,3.87,0.62,0.54,0.54,6.4,0.56,0.88,0.307307307307307,0,0,0,0,0,0,0,0
0.223,0.003,3.87,0.62,0.54,0.54,6.4,0.56,0.88,0.307807807807808,0,0,0,0,0,0,0,0
0.223,0.003,3.87,0.62,0.54,0.54,6.4,0.56,0.88,0.308308308308308,0,0,0,0,0,0,0,0
0.223,0.003,3.87,0.62,0.54,0.54,6.4,0.56,0.88,0.308808808808809,0,0,0,0,0,0,0,0
0.223,0.003,3.87,0.62,0.54,0.54,6.4,0.56,0.88,0.309309309309309,0,0,0,0,0,0,0,0
0.223,0.003,3.87,0.62,0.54,0.54,6.4,0.56,0.88,0.30980980980981,0,0,0,0,0,0,0,0
0.223,0.003,3.87,0.62,0.54,0.54,6.4,0.56,0.88,0.31031031031031,0,0,0,0,0,0,0,0
0.223,0.003,3.87,0.62,0.54,0.54,6.4,0.56,0.88,0.310810810810811,0,0,0,0,0,0,0,0
0.223,0.003,3.87,0.62,0.54,0.54,6.4,0.56,0.88,0.311311311311311,0,0,0,0,0,0,0,0
0.223,0.003,3.87,0.62,0.54,0.54,6.4,0.56,0.88,0.311811811811812,0,0,0,0,0,0,0,0
0.223,0.003,3.87,0.62,0.54,0.54,6.4,0.56,0.88,0.312312312312312,0,0,0,0,0,0,0,0
0.223,0.003,3.87,0.62,0.54,0.54,6.4,0.56,0.88,0.312812812812813,0,0,0,0,0,0,0,0
0.223,0.003,3.87,0.62,0.54,0.54,6.4,0.56,0.88,0.313313313313313,0,0,0,0,0,0,0,0
0.223,0.003,3.87,0.62,0.54,0.54,6.4,0.56,0.88,0.313813813813814,0,0,0,0,0,0,0,0
0.223,0.003,3.87,0.62,0.54,0.54,6.4,0.56,0.88,0.314314314314314,0,0,0,0,0,0,0,0
0.223,0.003,3.87,0.62,0.54,0.54,6.4,0.56,0.88,0.314814814814815,0,0,0,0,0,0,0,0
0.223,0.003,3.87,0.62,0.54,0.54,6.4,0.56,0.88,0.315315315315315,0,0,0,0,0,0,0,0
0.223,0.003,3.87,0.62,0.54,0.54,6.4,0.56,0.88,0.315815815815816,0,0,0,0,0,0,0,0
0.223,0.003,3.87,0.62,0.54,0.54,6.4,0.56,0.88,0.316316316316316,0,0,0,0,0,0,0,0
0.223,0.003,3.87,0.62,0.54,0.54,6.4,0.56,0.88,0.316816816816817,0,0,0,0,0,0,0,0
0.223,0.003,3.87,0.62,0.54,0.54,6.4,0.56,0.88,0.317317317317317,0,0,0,0,0,0,0,0
0.223,0.003,3.87,0.62,0.54,0.54,6.4,0.56,0.88,0.317817817817818,0,0,0,0,0,0,0,0
0.223,0.003,3.87,0.62,0.54,0.54,6.4,0.56,0.88,0.318318318318318,0,0,0,0,0,0,0,0
0.223,0.003,3.87,0.62,0.54,0.54,6.4,0.56,0.88,0.318818818818819,0,0,0,0,0,0,0,0
0.223,0.003,3.87,0.62,0.54,0.54,6.4,0.56,0.88,0.319319319319319,0,0,0,0,0,0,0,0
0.223,0.003,3.87,0.62,0.54,0.54,6.4,0.56,0.88,0.31981981981982,0,0,0,0,0,0,0,0
0.223,0.003,3.87,0.62,0.54,0.54,6.4,0.56,0.88,0.32032032032032,0,0,0,0,0,0,0,0
0.223,0.003,3.87,0.62,0.54,0.54,6.4,0.56,0.88,0.320820820820821,0,0,0,0,0,0,0,0
0.223,0.003,3.87,0.62,0.54,0.54,6.4,0.56,0.88,0.321321321321321,0,0,0,0,0,0,0,0
0.223,0.003,3.87,0.62,0.54,0.54,6.4,0.56,0.88,0.321821821821822,0,0,0,0,0,0,0,0
0.223,0.003,3.87,0.62,0.54,0.54,6.4,0.56,0.88,0.322322322322322,0,0,0,0,0,0,0,0
0.223,0.003,3.87,0.62,0.54,0.54,6.4,0.56,0.88,0.322822822822823,0,0,0,0,0,0,0,0
0.223,0.003,3.87,0.62,0.54,0.54,6.4,0.56,0.88,0.323323323323323,0,0,0,0,0,0,0,0
0.223,0.003,3.87,0.62,0.54,0.54,6.4,0.56,0.88,0.323823823823824,0,0,0,0,0,0,0,0
0.223,0.003,3.87,0.62,0.54,0.54,6.4,0.56,0.88,0.324324324324324,0,0,0,0,0,0,0,0
0.223,0.003,3.87,0.62,0.54,0.54,6.4,0.56,0.88,0.324824824824825,0,0,0,0,0,0,0,0
0.223,0.003,3.87,0.62,0.54,0.54,6.4,0.56,0.88,0.325325325325325,0,0,0,0,0,0,0,0
0.223,0.003,3.87,0.62,0.54,0.54,6.4,0.56,0.88,0.325825825825826,0,0,0,0,0,0,0,0
0.223,0.003,3.87,0.62,0.54,0.54,6.4,0.56,0.88,0.326326326326326,0,0,0,0,0,0,0,0
0.223,0.003,3.87,0.62,0.54,0.54,6.4,0.56,0.88,0.326826826826827,0,0,0,0,0,0,0,0
0.223,0.003,3.87,0.62,0.54,0.54,6.4,0.56,0.88,0.327327327327327,0,0,0,0,0,0,0,0
0.223,0.003,3.87,0.62,0.54,0.54,6.4,0.56,0.88,0.327827827827828,0,0,0,0,0,0,0,0
0.223,0.003,3.87,0.62,0.54,0.54,6.4,0.56,0.88,0.328328328328328,0,0,0,0,0,0,0,0
0.223,0.003,3.87,0.62,0.54,0.54,6.4,0.56,0.88,0.328828828828829,0,0,0,0,0,0,0,0
0.223,0.003,3.87,0.62,0.54,0.54,6.4,0.56,0.88,0.329329329329329,0,0,0,0,0,0,0,0
0.223,0.003,3.87,0.62,0.54,0.54,6.4,0.56,0.88,0.32982982982983,0,0,0,0,0,0,0,0
0.223,0.003,3.87,0.62,0.54,0.54,6.4,0.56,0.88,0.33033033033033,0,0,0,0,0,0,0,0
0.223,0.003,3.87,0.62,0.54,0.54,6.4,0.56,0.88,0.330830830830831,0,0,0,0,0,0,0,0
0.223,0.003,3.87,0.62,0.54,0.54,6.4,0.56,0.88,0.331331331331331,0,0,0,0,0,0,0,0
0.223,0.003,3.87,0.62,0.54,0.54,6.4,0.56,0.88,0.331831831831832,0,0,0,0,0,0,0,0
0.223,0.003,3.87,0.62,0.54,0.54,6.4,0.56,0.88,0.332332332332332,0,0,0,0,0,0,0,0
0.223,0.003,3.87,0.62,0.54,0.54,6.4,0.56,0.88,0.332832832832833,0,0,0,0,0,0,0,0
0.223,0.003,3.87,0.62,0.54,0.54,6.4,0.56,0.88,0.333333333333333,0,0,0,0,0,0,0,0
0.223,0.003,3.87,0.62,0.54,0.54,6.4,0.56,0.88,0.333833833833834,0,0,0,0,0,0,0,0
0.223,0.003,3.87,0.62,0.54,0.54,6.4,0.56,0.88,0.334334334334334,0,0,0,0,0,0,0,0
0.223,0.003,3.87,0.62,0.54,0.54,6.4,0.56,0.88,0.334834834834835,0,0,0,0,0,0,0,0
0.223,0.003,3.87,0.62,0.54,0.54,6.4,0.56,0.88,0.335335335335335,0,0,0,0,0,0,0,0
0.223,0.003,3.87,0.62,0.54,0.54,6.4,0.56,0.88,0.335835835835836,0,0,0,0,0,0,0,0
0.223,0.003,3.87,0.62,0.54,0.54,6.4,0.56,0.88,0.336336336336336,0,0,0,0,0,0,0,0
0.223,0.003,3.87,0.62,0.54,0.54,6.4,0.56,0.88,0.336836836836837,0,0,0,0,0,0,0,0
0.223,0.003,3.87,0.62,0.54,0.54,6.4,0.56,0.88,0.337337337337337,0,0,0,0,0,0,0,0
0.223,0.003,3.87,0.62,0.54,0.54,6.4,0.56,0.88,0.337837837837838,0,0,0,0,0,0,0,0
0.223,0.003,3.87,0.62,0.54,0.54,6.4,0.56,0.88,0.338338338338338,0,0,0,0,0,0,0,0
0.223,0.003,3.87,0.62,0.54,0.54,6.4,0.56,0.88,0.338838838838839,0,0,0,0,0,0,0,0
0.223,0.003,3.87,0.62,0.54,0.54,6.4,0.56,0.88,0.339339339339339,0,0,0,0,0,0,0,0
0.223,0.003,3.87,0.62,0.54,0.54,6.4,0.56,0.88,0.33983983983984,0,0,0,0,0,0,0,0
0.223,0.003,3.87,0.62,0.54,0.54,6.4,0.56,0.88,0.34034034034034,0,0,0,0,0,0,0,0
0.223,0.003,3.87,0.62,0.54,0.54,6.4,0.56,0.88,0.340840840840841,0,0,0,0,0,0,0,0
0.223,0.003,3.87,0.62,0.54,0.54,6.4,0.56,0.88,0.341341341341341,0,0,0,0,0,0,0,0
0.223,0.003,3.87,0.62,0.54,0.54,6.4,0.56,0.88,0.341841841841842,0,0,0,0,0,0,0,0
0.223,0.003,3.87,0.62,0.54,0.54,6.4,0.56,0.88,0.342342342342342,0,0,0,0,0,0,0,0
0.223,0.003,3.87,0.62,0.54,0.54,6.4,0.56,0.88,0.342842842842843,0,0,0,0,0,0,0,0
0.223,0.003,3.87,0.62,0.54,0.54,6.4,0.56,0.88,0.343343343343343,0,0,0,0,0,0,0,0
0.223,0.003,3.87,0.62,0.54,0.54,6.4,0.56,0.88,0.343843843843844,0,0,0,0,0,0,0,0
0.223,0.003,3.87,0.62,0.54,0.54,6.4,0.56,0.88,0.344344344344344,0,0,0,0,0,0,0,0
0.223,0.003,3.87,0.62,0.54,0.54,6.4,0.56,0.88,0.344844844844845,0,0,0,0,0,0,0,0
0.223,0.003,3.87,0.62,0.54,0.54,6.4,0.56,0.88,0.345345345345345,0,0,0,0,0,0,0,0
0.223,0.003,3.87,0.62,0.54,0.54,6.4,0.56,0.88,0.345845845845846,0,0,0,0,0,0,0,0
0.223,0.003,3.87,0.62,0.54,0.54,6.4,0.56,0.88,0.346346346346346,0,0,0,0,0,0,0,0
0.223,0.003,3.87,0.62,0.54,0.54,6.4,0.56,0.88,0.346846846846847,0,0,0,0,0,0,0,0
0.223,0.003,3.87,0.62,0.54,0.54,6.4,0.56,0.88,0.347347347347347,0,0,0,0,0,0,0,0
0.223,0.003,3.87,0.62,0.54,0.54,6.4,0.56,0.88,0.347847847847848,0,0,0,0,0,0,0,0
0.223,0.003,3.87,0.62,0.54,0.54,6.4,0.56,0.88,0.348348348348348,0,0,0,0,0,0,0,0
0.223,0.003,3.87,0.62,0.54,0.54,6.4,0.56,0.88,0.348848848848849,0,0,0,0,0,0,0,0
0.223,0.003,3.87,0.62,0.54,0.54,6.4,0.56,0.88,0.349349349349349,0,0,0,0,0,0,0,0
0.223,0.003,3.87,0.62,0.54,0.54,6.4,0.56,0.88,0.34984984984985,0,0,0,0,0,0,0,0
0.223,0.003,3.87,0.62,0.54,0.54,6.4,0.56,0.88,0.35035035035035,0,0,0,0,0,0,0,0
0.223,0.003,3.87,0.62,0.54,0.54,6.4,0.56,0.88,0.350850850850851,0,0,0,0,0,0,0,0
0.223,0.003,3.87,0.62,0.54,0.54,6.4,0.56,0.88,0.351351351351351,0,0,0,0,0,0,0,0
0.223,0.003,3.87,0.62,0.54,0.54,6.4,0.56,0.88,0.351851851851852,0,0,0,0,0,0,0,0
0.223,0.003,3.87,0.62,0.54,0.54,6.4,0.56,0.88,0.352352352352352,0,0,0,0,0,0,0,0
0.223,0.003,3.87,0.62,0.54,0.54,6.4,0.56,0.88,0.352852852852853,0,0,0,0,0,0,0,0
0.223,0.003,3.87,0.62,0.54,0.54,6.4,0.56,0.88,0.353353353353353,0,0,0,0,0,0,0,0
0.223,0.003,3.87,0.62,0.54,0.54,6.4,0.56,0.88,0.353853853853854,0,0,0,0,0,0,0,0
0.223,0.003,3.87,0.62,0.54,0.54,6.4,0.56,0.88,0.354354354354354,0,0,0,0,0,0,0,0
0.223,0.003,3.87,0.62,0.54,0.54,6.4,0.56,0.88,0.354854854854855,0,0,0,0,0,0,0,0
0.223,0.003,3.87,0.62,0.54,0.54,6.4,0.56,0.88,0.355355355355355,0,0,0,0,0,0,0,0
0.223,0.003,3.87,0.62,0.54,0.54,6.4,0.56,0.88,0.355855855855856,0,0,0,0,0,0,0,0
0.223,0.003,3.87,0.62,0.54,0.54,6.4,0.56,0.88,0.356356356356356,0,0,0,0,0,0,0,0
0.223,0.003,3.87,0.62,0.54,0.54,6.4,0.56,0.88,0.356856856856857,0,0,0,0,0,0,0,0
0.223,0.003,3.87,0.62,0.54,0.54,6.4,0.56,0.88,0.357357357357357,0,0,0,0,0,0,0,0
0.223,0.003,3.87,0.62,0.54,0.54,6.4,0.56,0.88,0.357857857857858,0,0,0,0,0,0,0,0
0.223,0.003,3.87,0.62,0.54,0.54,6.4,0.56,0.88,0.358358358358358,0,0,0,0,0,0,0,0
0.223,0.003,3.87,0.62,0.54,0.54,6.4,0.56,0.88,0.358858858858859,0,0,0,0,0,0,0,0
0.223,0.003,3.87,0.62,0.54,0.54,6.4,0.56,0.88,0.359359359359359,0,0,0,0,0,0,0,0
0.223,0.003,3.87,0.62,0.54,0.54,6.4,0.56,0.88,0.35985985985986,0,0,0,0,0,0,0,0
0.223,0.003,3.87,0.62,0.54,0.54,6.4,0.56,0.88,0.36036036036036,0,0,0,0,0,0,0,0
0.223,0.003,3.87,0.62,0.54,0.54,6.4,0.56,0.88,0.360860860860861,0,0,0,0,0,0,0,0
0.223,0.003,3.87,0.62,0.54,0.54,6.4,0.56,0.88,0.361361361361361,0,0,0,0,0,0,0,0
0.223,0.003,3.87,0.62,0.54,0.54,6.4,0.56,0.88,0.361861861861862,0,0,0,0,0,0,0,0
0.223,0.003,3.87,0.62,0.54,0.54,6.4,0.56,0.88,0.362362362362362,0,0,0,0,0,0,0,0
0.223,0.003,3.87,0.62,0.54,0.54,6.4,0.56,0.88,0.362862862862863,0,0,0,0,0,0,0,0
0.223,0.003,3.87,0.62,0.54,0.54,6.4,0.56,0.88,0.363363363363363,0,0,0,0,0,0,0,0
0.223,0.003,3.87,0.62,0.54,0.54,6.4,0.56,0.88,0.363863863863864,0,0,0,0,0,0,0,0
0.223,0.003,3.87,0.62,0.54,0.54,6.4,0.56,0.88,0.364364364364364,0,0,0,0,0,0,0,0
0.223,0.003,3.87,0.62,0.54,0.54,6.4,0.56,0.88,0.364864864864865,0,0,0,0,0,0,0,0
0.223,0.003,3.87,0.62,0.54,0.54,6.4,0.56,0.88,0.365365365365365,0,0,0,0,0,0,0,0
0.223,0.003,3.87,0.62,0.54,0.54,6.4,0.56,0.88,0.365865865865866,0,0,0,0,0,0,0,0
0.223,0.003,3.87,0.62,0.54,0.54,6.4,0.56,0.88,0.366366366366366,0,0,0,0,0,0,0,0
0.223,0.003,3.87,0.62,0.54,0.54,6.4,0.56,0.88,0.366866866866867,0,0,0,0,0,0,0,0
0.223,0.003,3.87,0.62,0.54,0.54,6.4,0.56,0.88,0.367367367367367,0,0,0,0,0,0,0,0
0.223,0.003,3.87,0.62,0.54,0.54,6.4,0.56,0.88,0.367867867867868,0,0,0,0,0,0,0,0
0.223,0.003,3.87,0.62,0.54,0.54,6.4,0.56,0.88,0.368368368368368,0,0,0,0,0,0,0,0
0.223,0.003,3.87,0.62,0.54,0.54,6.4,0.56,0.88,0.368868868868869,0,0,0,0,0,0,0,0
0.223,0.003,3.87,0.62,0.54,0.54,6.4,0.56,0.88,0.369369369369369,0,0,0,0,0,0,0,0
0.223,0.003,3.87,0.62,0.54,0.54,6.4,0.56,0.88,0.36986986986987,0,0,0,0,0,0,0,0
0.223,0.003,3.87,0.62,0.54,0.54,6.4,0.56,0.88,0.37037037037037,0,0,0,0,0,0,0,0
0.223,0.003,3.87,0.62,0.54,0.54,6.4,0.56,0.88,0.370870870870871,0,0,0,0,0,0,0,0
0.223,0.003,3.87,0.62,0.54,0.54,6.4,0.56,0.88,0.371371371371371,0,0,0,0,0,0,0,0
0.223,0.003,3.87,0.62,0.54,0.54,6.4,0.56,0.88,0.371871871871872,0,0,0,0,0,0,0,0
0.223,0.003,3.87,0.62,0.54,0.54,6.4,0.56,0.88,0.372372372372372,0,0,0,0,0,0,0,0
0.223,0.003,3.87,0.62,0.54,0.54,6.4,0.56,0.88,0.372872872872873,0,0,0,0,0,0,0,0
0.223,0.003,3.87,0.62,0.54,0.54,6.4,0.56,0.88,0.373373373373373,0,0,0,0,0,0,0,0
0.223,0.003,3.87,0.62,0.54,0.54,6.4,0.56,0.88,0.373873873873874,0,0,0,0,0,0,0,0
0.223,0.003,3.87,0.62,0.54,0.54,6.4,0.56,0.88,0.374374374374374,0,0,0,0,0,0,0,0
0.223,0.003,3.87,0.62,0.54,0.54,6.4,0.56,0.88,0.374874874874875,0,0,0,0,0,0,0,0
0.223,0.003,3.87,0.62,0.54,0.54,6.4,0.56,0.88,0.375375375375375,0,0,0,0,0,0,0,0
0.223,0.003,3.87,0.62,0.54,0.54,6.4,0.56,0.88,0.375875875875876,0,0,0,0,0,0,0,0
0.223,0.003,3.87,0.62,0.54,0.54,6.4,0.56,0.88,0.376376376376376,0,0,0,0,0,0,0,0
0.223,0.003,3.87,0.62,0.54,0.54,6.4,0.56,0.88,0.376876876876877,0,0,0,0,0,0,0,0
0.223,0.003,3.87,0.62,0.54,0.54,6.4,0.56,0.88,0.377377377377377,0,0,0,0,0,0,0,0
0.223,0.003,3.87,0.62,0.54,0.54,6.4,0.56,0.88,0.377877877877878,0,0,0,0,0,0,0,0
0.223,0.003,3.87,0.62,0.54,0.54,6.4,0.56,0.88,0.378378378378378,0,0,0,0,0,0,0,0
0.223,0.003,3.87,0.62,0.54,0.54,6.4,0.56,0.88,0.378878878878879,0,0,0,0,0,0,0,0
0.223,0.003,3.87,0.62,0.54,0.54,6.4,0.56,0.88,0.379379379379379,0,0,0,0,0,0,0,0
0.223,0.003,3.87,0.62,0.54,0.54,6.4,0.56,0.88,0.37987987987988,0,0,0,0,0,0,0,0
0.223,0.003,3.87,0.62,0.54,0.54,6.4,0.56,0.88,0.38038038038038,0,0,0,0,0,0,0,0
0.223,0.003,3.87,0.62,0.54,0.54,6.4,0.56,0.88,0.380880880880881,0,0,0,0,0,0,0,0
0.223,0.003,3.87,0.62,0.54,0.54,6.4,0.56,0.88,0.381381381381381,0,0,0,0,0,0,0,0
0.223,0.003,3.87,0.62,0.54,0.54,6.4,0.56,0.88,0.381881881881882,0,0,0,0,0,0,0,0
0.223,0.003,3.87,0.62,0.54,0.54,6.4,0.56,0.88,0.382382382382382,0,0,0,0,0,0,0,0
0.223,0.003,3.87,0.62,0.54,0.54,6.4,0.56,0.88,0.382882882882883,0,0,0,0,0,0,0,0
0.223,0.003,3.87,0.62,0.54,0.54,6.4,0.56,0.88,0.383383383383383,0,0,0,0,0,0,0,0
0.223,0.003,3.87,0.62,0.54,0.54,6.4,0.56,0.88,0.383883883883884,0,0,0,0,0,0,0,0
0.223,0.003,3.87,0.62,0.54,0.54,6.4,0.56,0.88,0.384384384384384,0,0,0,0,0,0,0,0
0.223,0.003,3.87,0.62,0.54,0.54,6.4,0.56,0.88,0.384884884884885,0,0,0,0,0,0,0,0
0.223,0.003,3.87,0.62,0.54,0.54,6.4,0.56,0.88,0.385385385385385,0,0,0,0,0,0,0,0
0.223,0.003,3.87,0.62,0.54,0.54,6.4,0.56,0.88,0.385885885885886,0,0,0,0,0,0,0,0
0.223,0.003,3.87,0.62,0.54,0.54,6.4,0.56,0.88,0.386386386386386,0,0,0,0,0,0,0,0
0.223,0.003,3.87,0.62,0.54,0.54,6.4,0.56,0.88,0.386886886886887,0,0,0,0,0,0,0,0
0.223,0.003,3.87,0.62,0.54,0.54,6.4,0.56,0.88,0.387387387387387,0,0,0,0,0,0,0,0
0.223,0.003,3.87,0.62,0.54,0.54,6.4,0.56,0.88,0.387887887887888,0,0,0,0,0,0,0,0
0.223,0.003,3.87,0.62,0.54,0.54,6.4,0.56,0.88,0.388388388388388,0,0,0,0,0,0,0,0
0.223,0.003,3.87,0.62,0.54,0.54,6.4,0.56,0.88,0.388888888888889,0,0,0,0,0,0,0,0
0.223,0.003,3.87,0.62,0.54,0.54,6.4,0.56,0.88,0.389389389389389,0,0,0,0,0,0,0,0
0.223,0.003,3.87,0.62,0.54,0.54,6.4,0.56,0.88,0.38988988988989,0,0,0,0,0,0,0,0
0.223,0.003,3.87,0.62,0.54,0.54,6.4,0.56,0.88,0.39039039039039,0,0,0,0,0,0,0,0
0.223,0.003,3.87,0.62,0.54,0.54,6.4,0.56,0.88,0.390890890890891,0,0,0,0,0,0,0,0
0.223,0.003,3.87,0.62,0.54,0.54,6.4,0.56,0.88,0.391391391391391,0,0,0,0,0,0,0,0
0.223,0.003,3.87,0.62,0.54,0.54,6.4,0.56,0.88,0.391891891891892,0,0,0,0,0,0,0,0
0.223,0.003,3.87,0.62,0.54,0.54,6.4,0.56,0.88,0.392392392392392,0,0,0,0,0,0,0,0
0.223,0.003,3.87,0.62,0.54,0.54,6.4,0.56,0.88,0.392892892892893,0,0,0,0,0,0,0,0
0.223,0.003,3.87,0.62,0.54,0.54,6.4,0.56,0.88,0.393393393393393,0,0,0,0,0,0,0,0
0.223,0.003,3.87,0.62,0.54,0.54,6.4,0.56,0.88,0.393893893893894,0,0,0,0,0,0,0,0
0.223,0.003,3.87,0.62,0.54,0.54,6.4,0.56,0.88,0.394394394394394,0,0,0,0,0,0,0,0
0.223,0.003,3.87,0.62,0.54,0.54,6.4,0.56,0.88,0.394894894894895,0,0,0,0,0,0,0,0
0.223,0.003,3.87,0.62,0.54,0.54,6.4,0.56,0.88,0.395395395395395,0,0,0,0,0,0,0,0
0.223,0.003,3.87,0.62,0.54,0.54,6.4,0.56,0.88,0.395895895895896,0,0,0,0,0,0,0,0
0.223,0.003,3.87,0.62,0.54,0.54,6.4,0.56,0.88,0.396396396396396,0,0,0,0,0,0,0,0
0.223,0.003,3.87,0.62,0.54,0.54,6.4,0.56,0.88,0.396896896896897,0,0,0,0,0,0,0,0
0.223,0.003,3.87,0.62,0.54,0.54,6.4,0.56,0.88,0.397397397397397,0,0,0,0,0,0,0,0
0.223,0.003,3.87,0.62,0.54,0.54,6.4,0.56,0.88,0.397897897897898,0,0,0,0,0,0,0,0
0.223,0.003,3.87,0.62,0.54,0.54,6.4,0.56,0.88,0.398398398398398,0,0,0,0,0,0,0,0
0.223,0.003,3.87,0.62,0.54,0.54,6.4,0.56,0.88,0.398898898898899,0,0,0,0,0,0,0,0
0.223,0.003,3.87,0.62,0.54,0.54,6.4,0.56,0.88,0.399399399399399,0,0,0,0,0,0,0,0
0.223,0.003,3.87,0.62,0.54,0.54,6.4,0.56,0.88,0.3998998998999,0,0,0,0,0,0,0,0
0.223,0.003,3.87,0.62,0.54,0.54,6.4,0.56,0.88,0.4004004004004,0,0,0,0,0,0,0,0
0.223,0.003,3.87,0.62,0.54,0.54,6.4,0.56,0.88,0.400900900900901,0,0,0,0,0,0,0,0
0.223,0.003,3.87,0.62,0.54,0.54,6.4,0.56,0.88,0.401401401401401,0,0,0,0,0,0,0,0
0.223,0.003,3.87,0.62,0.54,0.54,6.4,0.56,0.88,0.401901901901902,0,0,0,0,0,0,0,0
0.223,0.003,3.87,0.62,0.54,0.54,6.4,0.56,0.88,0.402402402402402,0,0,0,0,0,0,0,0
0.223,0.003,3.87,0.62,0.54,0.54,6.4,0.56,0.88,0.402902902902903,0,0,0,0,0,0,0,0
0.223,0.003,3.87,0.62,0.54,0.54,6.4,0.56,0.88,0.403403403403403,0,0,0,0,0,0,0,0
0.223,0.003,3.87,0.62,0.54,0.54,6.4,0.56,0.88,0.403903903903904,0,0,0,0,0,0,0,0
0.223,0.003,3.87,0.62,0.54,0.54,6.4,0.56,0.88,0.404404404404404,0,0,0,0,0,0,0,0
0.223,0.003,3.87,0.62,0.54,0.54,6.4,0.56,0.88,0.404904904904905,0,0,0,0,0,0,0,0
0.223,0.003,3.87,0.62,0.54,0.54,6.4,0.56,0.88,0.405405405405405,0,0,0,0,0,0,0,0
0.223,0.003,3.87,0.62,0.54,0.54,6.4,0.56,0.88,0.405905905905906,0,0,0,0,0,0,0,0
0.223,0.003,3.87,0.62,0.54,0.54,6.4,0.56,0.88,0.406406406406406,0,0,0,0,0,0,0,0
0.223,0.003,3.87,0.62,0.54,0.54,6.4,0.56,0.88,0.406906906906907,0,0,0,0,0,0,0,0
0.223,0.003,3.87,0.62,0.54,0.54,6.4,0.56,0.88,0.407407407407407,0,0,0,0,0,0,0,0
0.223,0.003,3.87,0.62,0.54,0.54,6.4,0.56,0.88,0.407907907907908,0,0,0,0,0,0,0,0
0.223,0.003,3.87,0.62,0.54,0.54,6.4,0.56,0.88,0.408408408408408,0,0,0,0,0,0,0,0
0.223,0.003,3.87,0.62,0.54,0.54,6.4,0.56,0.88,0.408908908908909,0,0,0,0,0,0,0,0
0.223,0.003,3.87,0.62,0.54,0.54,6.4,0.56,0.88,0.409409409409409,0,0,0,0,0,0,0,0
0.223,0.003,3.87,0.62,0.54,0.54,6.4,0.56,0.88,0.40990990990991,0,0,0,0,0,0,0,0
0.223,0.003,3.87,0.62,0.54,0.54,6.4,0.56,0.88,0.41041041041041,0,0,0,0,0,0,0,0
0.223,0.003,3.87,0.62,0.54,0.54,6.4,0.56,0.88,0.410910910910911,0,0,0,0,0,0,0,0
0.223,0.003,3.87,0.62,0.54,0.54,6.4,0.56,0.88,0.411411411411411,0,0,0,0,0,0,0,0
0.223,0.003,3.87,0.62,0.54,0.54,6.4,0.56,0.88,0.411911911911912,0,0,0,0,0,0,0,0
0.223,0.003,3.87,0.62,0.54,0.54,6.4,0.56,0.88,0.412412412412412,0,0,0,0,0,0,0,0
0.223,0.003,3.87,0.62,0.54,0.54,6.4,0.56,0.88,0.412912912912913,0,0,0,0,0,0,0,0
0.223,0.003,3.87,0.62,0.54,0.54,6.4,0.56,0.88,0.413413413413413,0,0,0,0,0,0,0,0
0.223,0.003,3.87,0.62,0.54,0.54,6.4,0.56,0.88,0.413913913913914,0,0,0,0,0,0,0,0
0.223,0.003,3.87,0.62,0.54,0.54,6.4,0.56,0.88,0.414414414414414,0,0,0,0,0,0,0,0
0.223,0.003,3.87,0.62,0.54,0.54,6.4,0.56,0.88,0.414914914914915,0,0,0,0,0,0,0,0
0.223,0.003,3.87,0.62,0.54,0.54,6.4,0.56,0.88,0.415415415415415,0,0,0,0,0,0,0,0
0.223,0.003,3.87,0.62,0.54,0.54,6.4,0.56,0.88,0.415915915915916,0,0,0,0,0,0,0,0
0.223,0.003,3.87,0.62,0.54,0.54,6.4,0.56,0.88,0.416416416416416,0,0,0,0,0,0,0,0
0.223,0.003,3.87,0.62,0.54,0.54,6.4,0.56,0.88,0.416916916916917,0,0,0,0,0,0,0,0
0.223,0.003,3.87,0.62,0.54,0.54,6.4,0.56,0.88,0.417417417417417,0,0,0,0,0,0,0,0
0.223,0.003,3.87,0.62,0.54,0.54,6.4,0.56,0.88,0.417917917917918,0,0,0,0,0,0,0,0
0.223,0.003,3.87,0.62,0.54,0.54,6.4,0.56,0.88,0.418418418418418,0,0,0,0,0,0,0,0
0.223,0.003,3.87,0.62,0.54,0.54,6.4,0.56,0.88,0.418918918918919,0,0,0,0,0,0,0,0
0.223,0.003,3.87,0.62,0.54,0.54,6.4,0.56,0.88,0.419419419419419,0,0,0,0,0,0,0,0
0.223,0.003,3.87,0.62,0.54,0.54,6.4,0.56,0.88,0.41991991991992,0,0,0,0,0,0,0,0
0.223,0.003,3.87,0.62,0.54,0.54,6.4,0.56,0.88,0.42042042042042,0,0,0,0,0,0,0,0
0.223,0.003,3.87,0.62,0.54,0.54,6.4,0.56,0.88,0.420920920920921,0,0,0,0,0,0,0,0
0.223,0.003,3.87,0.62,0.54,0.54,6.4,0.56,0.88,0.421421421421421,0,0,0,0,0,0,0,0
0.223,0.003,3.87,0.62,0.54,0.54,6.4,0.56,0.88,0.421921921921922,0,0,0,0,0,0,0,0
0.223,0.003,3.87,0.62,0.54,0.54,6.4,0.56,0.88,0.422422422422422,0,0,0,0,0,0,0,0
0.223,0.003,3.87,0.62,0.54,0.54,6.4,0.56,0.88,0.422922922922923,0,0,0,0,0,0,0,0
0.223,0.003,3.87,0.62,0.54,0.54,6.4,0.56,0.88,0.423423423423423,0,0,0,0,0,0,0,0
0.223,0.003,3.87,0.62,0.54,0.54,6.4,0.56,0.88,0.423923923923924,0,0,0,0,0,0,0,0
0.223,0.003,3.87,0.62,0.54,0.54,6.4,0.56,0.88,0.424424424424424,0,0,0,0,0,0,0,0
0.223,0.003,3.87,0.62,0.54,0.54,6.4,0.56,0.88,0.424924924924925,0,0,0,0,0,0,0,0
0.223,0.003,3.87,0.62,0.54,0.54,6.4,0.56,0.88,0.425425425425425,0,0,0,0,0,0,0,0
0.223,0.003,3.87,0.62,0.54,0.54,6.4,0.56,0.88,0.425925925925926,0,0,0,0,0,0,0,0
0.223,0.003,3.87,0.62,0.54,0.54,6.4,0.56,0.88,0.426426426426426,0,0,0,0,0,0,0,0
0.223,0.003,3.87,0.62,0.54,0.54,6.4,0.56,0.88,0.426926926926927,0,0,0,0,0,0,0,0
0.223,0.003,3.87,0.62,0.54,0.54,6.4,0.56,0.88,0.427427427427427,0,0,0,0,0,0,0,0
0.223,0.003,3.87,0.62,0.54,0.54,6.4,0.56,0.88,0.427927927927928,0,0,0,0,0,0,0,0
0.223,0.003,3.87,0.62,0.54,0.54,6.4,0.56,0.88,0.428428428428428,0,0,0,0,0,0,0,0
0.223,0.003,3.87,0.62,0.54,0.54,6.4,0.56,0.88,0.428928928928929,0,0,0,0,0,0,0,0
0.223,0.003,3.87,0.62,0.54,0.54,6.4,0.56,0.88,0.429429429429429,0,0,0,0,0,0,0,0
0.223,0.003,3.87,0.62,0.54,0.54,6.4,0.56,0.88,0.42992992992993,0,0,0,0,0,0,0,0
0.223,0.003,3.87,0.62,0.54,0.54,6.4,0.56,0.88,0.43043043043043,0,0,0,0,0,0,0,0
0.223,0.003,3.87,0.62,0.54,0.54,6.4,0.56,0.88,0.430930930930931,0,0,0,0,0,0,0,0
0.223,0.003,3.87,0.62,0.54,0.54,6.4,0.56,0.88,0.431431431431431,0,0,0,0,0,0,0,0
0.223,0.003,3.87,0.62,0.54,0.54,6.4,0.56,0.88,0.431931931931932,0,0,0,0,0,0,0,0
0.223,0.003,3.87,0.62,0.54,0.54,6.4,0.56,0.88,0.432432432432432,0,0,0,0,0,0,0,0
0.223,0.003,3.87,0.62,0.54,0.54,6.4,0.56,0.88,0.432932932932933,0,0,0,0,0,0,0,0
0.223,0.003,3.87,0.62,0.54,0.54,6.4,0.56,0.88,0.433433433433433,0,0,0,0,0,0,0,0
0.223,0.003,3.87,0.62,0.54,0.54,6.4,0.56,0.88,0.433933933933934,0,0,0,0,0,0,0,0
0.223,0.003,3.87,0.62,0.54,0.54,6.4,0.56,0.88,0.434434434434434,0,0,0,0,0,0,0,0
0.223,0.003,3.87,0.62,0.54,0.54,6.4,0.56,0.88,0.434934934934935,0,0,0,0,0,0,0,0
0.223,0.003,3.87,0.62,0.54,0.54,6.4,0.56,0.88,0.435435435435435,0,0,0,0,0,0,0,0
0.223,0.003,3.87,0.62,0.54,0.54,6.4,0.56,0.88,0.435935935935936,0,0,0,0,0,0,0,0
0.223,0.003,3.87,0.62,0.54,0.54,6.4,0.56,0.88,0.436436436436436,0,0,0,0,0,0,0,0
0.223,0.003,3.87,0.62,0.54,0.54,6.4,0.56,0.88,0.436936936936937,0,0,0,0,0,0,0,0
0.223,0.003,3.87,0.62,0.54,0.54,6.4,0.56,0.88,0.437437437437437,0,0,0,0,0,0,0,0
0.223,0.003,3.87,0.62,0.54,0.54,6.4,0.56,0.88,0.437937937937938,0,0,0,0,0,0,0,0
0.223,0.003,3.87,0.62,0.54,0.54,6.4,0.56,0.88,0.438438438438438,0,0,0,0,0,0,0,0
0.223,0.003,3.87,0.62,0.54,0.54,6.4,0.56,0.88,0.438938938938939,0,0,0,0,0,0,0,0
0.223,0.003,3.87,0.62,0.54,0.54,6.4,0.56,0.88,0.439439439439439,0,0,0,0,0,0,0,0
0.223,0.003,3.87,0.62,0.54,0.54,6.4,0.56,0.88,0.43993993993994,0,0,0,0,0,0,0,0
0.223,0.003,3.87,0.62,0.54,0.54,6.4,0.56,0.88,0.44044044044044,0,0,0,0,0,0,0,0
0.223,0.003,3.87,0.62,0.54,0.54,6.4,0.56,0.88,0.440940940940941,0,0,0,0,0,0,0,0
0.223,0.003,3.87,0.62,0.54,0.54,6.4,0.56,0.88,0.441441441441441,0,0,0,0,0,0,0,0
0.223,0.003,3.87,0.62,0.54,0.54,6.4,0.56,0.88,0.441941941941942,0,0,0,0,0,0,0,0
0.223,0.003,3.87,0.62,0.54,0.54,6.4,0.56,0.88,0.442442442442442,0,0,0,0,0,0,0,0
0.223,0.003,3.87,0.62,0.54,0.54,6.4,0.56,0.88,0.442942942942943,0,0,0,0,0,0,0,0
0.223,0.003,3.87,0.62,0.54,0.54,6.4,0.56,0.88,0.443443443443443,0,0,0,0,0,0,0,0
0.223,0.003,3.87,0.62,0.54,0.54,6.4,0.56,0.88,0.443943943943944,0,0,0,0,0,0,0,0
0.223,0.003,3.87,0.62,0.54,0.54,6.4,0.56,0.88,0.444444444444444,0,0,0,0,0,0,0,0
0.223,0.003,3.87,0.62,0.54,0.54,6.4,0.56,0.88,0.444944944944945,0,0,0,0,0,0,0,0
0.223,0.003,3.87,0.62,0.54,0.54,6.4,0.56,0.88,0.445445445445445,0,0,0,0,0,0,0,0
0.223,0.003,3.87,0.62,0.54,0.54,6.4,0.56,0.88,0.445945945945946,0,0,0,0,0,0,0,0
0.223,0.003,3.87,0.62,0.54,0.54,6.4,0.56,0.88,0.446446446446446,0,0,0,0,0,0,0,0
0.223,0.003,3.87,0.62,0.54,0.54,6.4,0.56,0.88,0.446946946946947,0,0,0,0,0,0,0,0
0.223,0.003,3.87,0.62,0.54,0.54,6.4,0.56,0.88,0.447447447447447,0,0,0,0,0,0,0,0
0.223,0.003,3.87,0.62,0.54,0.54,6.4,0.56,0.88,0.447947947947948,0,0,0,0,0,0,0,0
0.223,0.003,3.87,0.62,0.54,0.54,6.4,0.56,0.88,0.448448448448448,0,0,0,0,0,0,0,0
0.223,0.003,3.87,0.62,0.54,0.54,6.4,0.56,0.88,0.448948948948949,0,0,0,0,0,0,0,0
0.223,0.003,3.87,0.62,0.54,0.54,6.4,0.56,0.88,0.449449449449449,0,0,0,0,0,0,0,0
0.223,0.003,3.87,0.62,0.54,0.54,6.4,0.56,0.88,0.44994994994995,0,0,0,0,0,0,0,0
0.223,0.003,3.87,0.62,0.54,0.54,6.4,0.56,0.88,0.45045045045045,0,0,0,0,0,0,0,0
0.223,0.003,3.87,0.62,0.54,0.54,6.4,0.56,0.88,0.450950950950951,0,0,0,0,0,0,0,0
0.223,0.003,3.87,0.62,0.54,0.54,6.4,0.56,0.88,0.451451451451451,0,0,0,0,0,0,0,0
0.223,0.003,3.87,0.62,0.54,0.54,6.4,0.56,0.88,0.451951951951952,0,0,0,0,0,0,0,0
0.223,0.003,3.87,0.62,0.54,0.54,6.4,0.56,0.88,0.452452452452452,0,0,0,0,0,0,0,0
0.223,0.003,3.87,0.62,0.54,0.54,6.4,0.56,0.88,0.452952952952953,0,0,0,0,0,0,0,0
0.223,0.003,3.87,0.62,0.54,0.54,6.4,0.56,0.88,0.453453453453453,0,0,0,0,0,0,0,0
0.223,0.003,3.87,0.62,0.54,0.54,6.4,0.56,0.88,0.453953953953954,0,0,0,0,0,0,0,0
0.223,0.003,3.87,0.62,0.54,0.54,6.4,0.56,0.88,0.454454454454454,0,0,0,0,0,0,0,0
0.223,0.003,3.87,0.62,0.54,0.54,6.4,0.56,0.88,0.454954954954955,0,0,0,0,0,0,0,0
0.223,0.003,3.87,0.62,0.54,0.54,6.4,0.56,0.88,0.455455455455455,0,0,0,0,0,0,0,0
0.223,0.003,3.87,0.62,0.54,0.54,6.4,0.56,0.88,0.455955955955956,0,0,0,0,0,0,0,0
0.223,0.003,3.87,0.62,0.54,0.54,6.4,0.56,0.88,0.456456456456456,0,0,0,0,0,0,0,0
0.223,0.003,3.87,0.62,0.54,0.54,6.4,0.56,0.88,0.456956956956957,0,0,0,0,0,0,0,0
0.223,0.003,3.87,0.62,0.54,0.54,6.4,0.56,0.88,0.457457457457457,0,0,0,0,0,0,0,0
0.223,0.003,3.87,0.62,0.54,0.54,6.4,0.56,0.88,0.457957957957958,0,0,0,0,0,0,0,0
0.223,0.003,3.87,0.62,0.54,0.54,6.4,0.56,0.88,0.458458458458458,0,0,0,0,0,0,0,0
0.223,0.003,3.87,0.62,0.54,0.54,6.4,0.56,0.88,0.458958958958959,0,0,0,0,0,0,0,0
0.223,0.003,3.87,0.62,0.54,0.54,6.4,0.56,0.88,0.459459459459459,0,0,0,0,0,0,0,0
0.223,0.003,3.87,0.62,0.54,0.54,6.4,0.56,0.88,0.45995995995996,0,0,0,0,0,0,0,0
0.223,0.003,3.87,0.62,0.54,0.54,6.4,0.56,0.88,0.46046046046046,0,0,0,0,0,0,0,0
0.223,0.003,3.87,0.62,0.54,0.54,6.4,0.56,0.88,0.460960960960961,0,0,0,0,0,0,0,0
0.223,0.003,3.87,0.62,0.54,0.54,6.4,0.56,0.88,0.461461461461461,0,0,0,0,0,0,0,0
0.223,0.003,3.87,0.62,0.54,0.54,6.4,0.56,0.88,0.461961961961962,0,0,0,0,0,0,0,0
0.223,0.003,3.87,0.62,0.54,0.54,6.4,0.56,0.88,0.462462462462462,0,0,0,0,0,0,0,0
0.223,0.003,3.87,0.62,0.54,0.54,6.4,0.56,0.88,0.462962962962963,0,0,0,0,0,0,0,0
0.223,0.003,3.87,0.62,0.54,0.54,6.4,0.56,0.88,0.463463463463463,0,0,0,0,0,0,0,0
0.223,0.003,3.87,0.62,0.54,0.54,6.4,0.56,0.88,0.463963963963964,0,0,0,0,0,0,0,0
0.223,0.003,3.87,0.62,0.54,0.54,6.4,0.56,0.88,0.464464464464464,0,0,0,0,0,0,0,0
0.223,0.003,3.87,0.62,0.54,0.54,6.4,0.56,0.88,0.464964964964965,0,0,0,0,0,0,0,0
0.223,0.003,3.87,0.62,0.54,0.54,6.4,0.56,0.88,0.465465465465465,0,0,0,0,0,0,0,0
0.223,0.003,3.87,0.62,0.54,0.54,6.4,0.56,0.88,0.465965965965966,0,0,0,0,0,0,0,0
0.223,0.003,3.87,0.62,0.54,0.54,6.4,0.56,0.88,0.466466466466466,0,0,0,0,0,0,0,0
0.223,0.003,3.87,0.62,0.54,0.54,6.4,0.56,0.88,0.466966966966967,0,0,0,0,0,0,0,0
0.223,0.003,3.87,0.62,0.54,0.54,6.4,0.56,0.88,0.467467467467467,0,0,0,0,0,0,0,0
0.223,0.003,3.87,0.62,0.54,0.54,6.4,0.56,0.88,0.467967967967968,0,0,0,0,0,0,0,0
0.223,0.003,3.87,0.62,0.54,0.54,6.4,0.56,0.88,0.468468468468468,0,0,0,0,0,0,0,0
0.223,0.003,3.87,0.62,0.54,0.54,6.4,0.56,0.88,0.468968968968969,0,0,0,0,0,0,0,0
0.223,0.003,3.87,0.62,0.54,0.54,6.4,0.56,0.88,0.469469469469469,0,0,0,0,0,0,0,0
0.223,0.003,3.87,0.62,0.54,0.54,6.4,0.56,0.88,0.46996996996997,0,0,0,0,0,0,0,0
0.223,0.003,3.87,0.62,0.54,0.54,6.4,0.56,0.88,0.47047047047047,0,0,0,0,0,0,0,0
0.223,0.003,3.87,0.62,0.54,0.54,6.4,0.56,0.88,0.470970970970971,0,0,0,0,0,0,0,0
0.223,0.003,3.87,0.62,0.54,0.54,6.4,0.56,0.88,0.471471471471471,0,0,0,0,0,0,0,0
0.223,0.003,3.87,0.62,0.54,0.54,6.4,0.56,0.88,0.471971971971972,0,0,0,0,0,0,0,0
0.223,0.003,3.87,0.62,0.54,0.54,6.4,0.56,0.88,0.472472472472472,0,0,0,0,0,0,0,0
0.223,0.003,3.87,0.62,0.54,0.54,6.4,0.56,0.88,0.472972972972973,0,0,0,0,0,0,0,0
0.223,0.003,3.87,0.62,0.54,0.54,6.4,0.56,0.88,0.473473473473473,0,0,0,0,0,0,0,0
0.223,0.003,3.87,0.62,0.54,0.54,6.4,0.56,0.88,0.473973973973974,0,0,0,0,0,0,0,0
0.223,0.003,3.87,0.62,0.54,0.54,6.4,0.56,0.88,0.474474474474474,0,0,0,0,0,0,0,0
0.223,0.003,3.87,0.62,0.54,0.54,6.4,0.56,0.88,0.474974974974975,0,0,0,0,0,0,0,0
0.223,0.003,3.87,0.62,0.54,0.54,6.4,0.56,0.88,0.475475475475475,0,0,0,0,0,0,0,0
0.223,0.003,3.87,0.62,0.54,0.54,6.4,0.56,0.88,0.475975975975976,0,0,0,0,0,0,0,0
0.223,0.003,3.87,0.62,0.54,0.54,6.4,0.56,0.88,0.476476476476476,0,0,0,0,0,0,0,0
0.223,0.003,3.87,0.62,0.54,0.54,6.4,0.56,0.88,0.476976976976977,0,0,0,0,0,0,0,0
0.223,0.003,3.87,0.62,0.54,0.54,6.4,0.56,0.88,0.477477477477477,0,0,0,0,0,0,0,0
0.223,0.003,3.87,0.62,0.54,0.54,6.4,0.56,0.88,0.477977977977978,0,0,0,0,0,0,0,0
0.223,0.003,3.87,0.62,0.54,0.54,6.4,0.56,0.88,0.478478478478478,0,0,0,0,0,0,0,0
0.223,0.003,3.87,0.62,0.54,0.54,6.4,0.56,0.88,0.478978978978979,0,0,0,0,0,0,0,0
0.223,0.003,3.87,0.62,0.54,0.54,6.4,0.56,0.88,0.479479479479479,0,0,0,0,0,0,0,0
0.223,0.003,3.87,0.62,0.54,0.54,6.4,0.56,0.88,0.47997997997998,0,0,0,0,0,0,0,0
0.223,0.003,3.87,0.62,0.54,0.54,6.4,0.56,0.88,0.48048048048048,0,0,0,0,0,0,0,0
0.223,0.003,3.87,0.62,0.54,0.54,6.4,0.56,0.88,0.480980980980981,0,0,0,0,0,0,0,0
0.223,0.003,3.87,0.62,0.54,0.54,6.4,0.56,0.88,0.481481481481481,0,0,0,0,0,0,0,0
0.223,0.003,3.87,0.62,0.54,0.54,6.4,0.56,0.88,0.481981981981982,0,0,0,0,0,0,0,0
0.223,0.003,3.87,0.62,0.54,0.54,6.4,0.56,0.88,0.482482482482482,0,0,0,0,0,0,0,0
0.223,0.003,3.87,0.62,0.54,0.54,6.4,0.56,0.88,0.482982982982983,0,0,0,0,0,0,0,0
0.223,0.003,3.87,0.62,0.54,0.54,6.4,0.56,0.88,0.483483483483483,0,0,0,0,0,0,0,0
0.223,0.003,3.87,0.62,0.54,0.54,6.4,0.56,0.88,0.483983983983984,0,0,0,0,0,0,0,0
0.223,0.003,3.87,0.62,0.54,0.54,6.4,0.56,0.88,0.484484484484485,0,0,0,0,0,0,0,0
0.223,0.003,3.87,0.62,0.54,0.54,6.4,0.56,0.88,0.484984984984985,0,0,0,0,0,0,0,0
0.223,0.003,3.87,0.62,0.54,0.54,6.4,0.56,0.88,0.485485485485485,0,0,0,0,0,0,0,0
0.223,0.003,3.87,0.62,0.54,0.54,6.4,0.56,0.88,0.485985985985986,0,0,0,0,0,0,0,0
0.223,0.003,3.87,0.62,0.54,0.54,6.4,0.56,0.88,0.486486486486487,0,0,0,0,0,0,0,0
0.223,0.003,3.87,0.62,0.54,0.54,6.4,0.56,0.88,0.486986986986987,0,0,0,0,0,0,0,0
0.223,0.003,3.87,0.62,0.54,0.54,6.4,0.56,0.88,0.487487487487487,0,0,0,0,0,0,0,0
0.223,0.003,3.87,0.62,0.54,0.54,6.4,0.56,0.88,0.487987987987988,0,0,0,0,0,0,0,0
0.223,0.003,3.87,0.62,0.54,0.54,6.4,0.56,0.88,0.488488488488488,0,0,0,0,0,0,0,0
0.223,0.003,3.87,0.62,0.54,0.54,6.4,0.56,0.88,0.488988988988989,0,0,0,0,0,0,0,0
0.223,0.003,3.87,0.62,0.54,0.54,6.4,0.56,0.88,0.48948948948949,0,0,0,0,0,0,0,0
0.223,0.003,3.87,0.62,0.54,0.54,6.4,0.56,0.88,0.48998998998999,0,0,0,0,0,0,0,0
0.223,0.003,3.87,0.62,0.54,0.54,6.4,0.56,0.88,0.49049049049049,0,0,0,0,0,0,0,0
0.223,0.003,3.87,0.62,0.54,0.54,6.4,0.56,0.88,0.490990990990991,0,0,0,0,0,0,0,0
0.223,0.003,3.87,0.62,0.54,0.54,6.4,0.56,0.88,0.491491491491492,0,0,0,0,0,0,0,0
0.223,0.003,3.87,0.62,0.54,0.54,6.4,0.56,0.88,0.491991991991992,0,0,0,0,0,0,0,0
0.223,0.003,3.87,0.62,0.54,0.54,6.4,0.56,0.88,0.492492492492492,0,0,0,0,0,0,0,0
0.223,0.003,3.87,0.62,0.54,0.54,6.4,0.56,0.88,0.492992992992993,0,0,0,0,0,0,0,0
0.223,0.003,3.87,0.62,0.54,0.54,6.4,0.56,0.88,0.493493493493493,0,0,0,0,0,0,0,0
0.223,0.003,3.87,0.62,0.54,0.54,6.4,0.56,0.88,0.493993993993994,0,0,0,0,0,0,0,0
0.223,0.003,3.87,0.62,0.54,0.54,6.4,0.56,0.88,0.494494494494495,0,0,0,0,0,0,0,0
0.223,0.003,3.87,0.62,0.54,0.54,6.4,0.56,0.88,0.494994994994995,0,0,0,0,0,0,0,0
0.223,0.003,3.87,0.62,0.54,0.54,6.4,0.56,0.88,0.495495495495495,0,0,0,0,0,0,0,0
0.223,0.003,3.87,0.62,0.54,0.54,6.4,0.56,0.88,0.495995995995996,0,0,0,0,0,0,0,0
0.223,0.003,3.87,0.62,0.54,0.54,6.4,0.56,0.88,0.496496496496497,0,0,0,0,0,0,0,0
0.223,0.003,3.87,0.62,0.54,0.54,6.4,0.56,0.88,0.496996996996997,0,0,0,0,0,0,0,0
0.223,0.003,3.87,0.62,0.54,0.54,6.4,0.56,0.88,0.497497497497497,0,0,0,0,0,0,0,0
0.223,0.003,3.87,0.62,0.54,0.54,6.4,0.56,0.88,0.497997997997998,0,0,0,0,0,0,0,0
0.223,0.003,3.87,0.62,0.54,0.54,6.4,0.56,0.88,0.498498498498498,0,0,0,0,0,0,0,0
0.223,0.003,3.87,0.62,0.54,0.54,6.4,0.56,0.88,0.498998998998999,0,0,0,0,0,0,0,0
0.223,0.003,3.87,0.62,0.54,0.54,6.4,0.56,0.88,0.4994994994995,0,0,0,0,0,0,0,0
0.223,0.003,3.87,0.62,0.54,0.54,6.4,0.56,0.88,0.5,0,0,0,0,0,0,0,0
Glucose_exchange_input,Glutamine_exchange_input,G6P_input,FBP_input,G3P_input,PEP_input,lac_exchange_input,gln_input,glu_input,HK_knockdown,solution_output,g6p_change,fbp_change,g3p_change,pep_change,lac_change,gln_change,glu_change
